latitude,longitude,port,mmsi,port_unique
53.402733,14.612267,0,245392000,0_0
53.4029,14.607242,0,477347800,0_0
53.402952,14.605528,0,250002903,0_0
53.49461,14.620038,1,209530000,1_0
53.495638,14.620948,1,304046000,1_0
53.563603,14.5903,2,311014100,2_0
53.564773,14.585603,2,2611800,2_0
53.890882,14.272438,3,261010170,3_0
53.895747,14.260345,3,261039360,3_0
53.895983,14.2567,4,261032010,4_0
53.900163,14.256667,4,210095000,4_0
53.909857,14.275822,5,255803870,5_0
53.912388,14.273873,5,261501000,5_0
53.919725,14.286513,6,2610800,6_0
53.92294,14.28433,6,992610802,6_0
53.953935,14.238888,7,210041000,7_0
53.959935,14.24566,7,304099000,7_0
53.973415,14.242827,8,209332000,8_0
53.981,14.244,8,257077550,8_0
54.015615,14.249042,9,992611330,9_0
54.016018,14.253108,9,992611340,9_0
54.01603,14.25309,9,992610800,9_0
54.046368,13.779917,10,218061750,10_0
54.049472,13.779918,10,211216570,10_0
54.092907,12.134333,11,211293510,11_0
54.093607,12.124142,11,211409660,11_0
54.11174,12.092367,12,211226140,12_0
54.119803,12.086663,12,246388000,12_0
54.123453,8.860527,13,211430000,13_0
54.12369,8.862487,13,211807040,13_0
54.125377,8.863088,13,314419000,13_0
54.125832,8.859713,13,211651920,13_0
54.126638,8.86367,13,211342220,13_0
54.127725,8.862807,13,211158000,13_0
54.142005,12.096778,14,230643000,14_0
54.145847,12.104598,14,355390000,14_0
54.146092,12.097703,14,265463000,14_0
54.146128,12.097883,14,265031000,14_0
54.145737,13.660163,15,211229440,15_0
54.14774,13.657363,15,258269500,15_0
54.147778,13.658357,15,258283000,15_0
54.149038,13.654932,15,241813000,15_0
54.146105,12.11234,16,211356520,16_0
54.146105,12.097703,16,265463000,16_0
54.146128,12.097882,16,265031000,16_0
54.146248,12.11277,16,218767000,16_0
54.146265,12.113093,16,211266470,16_0
54.146403,12.113582,16,211216500,16_0
54.146483,12.114055,16,211216490,16_0
54.150412,12.123315,16,218802000,16_0
54.150798,12.101538,16,265874000,16_0
54.15085,12.101533,16,218795000,16_0
54.150927,12.10167,16,211833390,16_0
54.150933,12.101698,16,210510000,16_0
54.151967,12.122335,16,246140000,16_0
54.152752,12.103505,16,304367000,16_0
54.149567,9.364225,17,255915614,17_0
54.149727,9.36219,17,209056000,17_0
54.152632,9.37449,17,211594520,17_0
54.152633,12.098133,18,211727510,18_0
54.15284,12.103517,18,304367000,18_0
54.15385,12.093083,18,211138490,18_0
54.153967,12.100867,18,219423000,18_0
54.154097,12.102987,18,244765000,18_0
54.154725,12.106897,18,246774000,18_0
54.155898,12.104323,18,211266470,18_0
54.155932,12.093067,18,211216490,18_0
54.15683,12.093093,18,218767000,18_0
54.156892,12.108337,18,305543000,18_0
54.157637,12.107778,18,244740080,18_0
54.159032,12.10486,18,265463000,18_0
54.160298,12.093967,18,211105560,18_0
54.153717,12.121333,19,211138490,19_0
54.154725,12.106897,19,246774000,19_0
54.155532,12.131243,19,218767000,19_0
54.155733,12.130033,19,276462000,19_0
54.15575,12.122253,19,211266470,19_0
54.156453,12.129218,19,275541000,19_0
54.156892,12.108337,19,305543000,19_0
54.157112,12.132367,19,244335000,19_0
54.157327,12.122028,19,255915583,19_0
54.157493,12.12195,19,305661000,19_0
54.157643,12.107668,19,244740080,19_0
54.157823,12.128217,19,211216490,19_0
54.162005,12.093788,20,211230570,20_0
54.165515,12.096197,20,211216500,20_0
54.165752,12.095192,20,211216490,20_0
54.171692,12.092182,21,269112910,21_0
54.17223,12.092795,21,211215210,21_0
54.176415,12.097102,21,211881570,21_0
54.176418,12.097092,21,211222800,21_0
54.176623,12.097118,21,211624870,21_0
54.176662,12.097157,21,211624750,21_0
54.178755,12.088387,21,211205810,21_0
54.179655,12.087513,21,211549160,21_0
54.174917,12.120233,22,211815680,22_0
54.17619,12.124648,22,211316340,22_0
54.180007,12.101597,23,218000630,23_0
54.180497,12.097613,23,211601590,23_0
54.180595,12.10193,23,211378700,23_0
54.181017,12.087245,23,211590700,23_0
54.244392,9.614417,24,211187510,24_0
54.2444,9.61436,24,211265610,24_0
54.315407,10.135007,25,218039370,25_0
54.3155,10.135717,25,211399920,25_0
54.317863,10.136762,25,266331000,25_0
54.319882,10.145347,25,211399000,25_0
54.3205,10.152048,26,211288300,26_0
54.323125,10.150853,26,211222710,26_0
54.32334,10.144973,26,211315270,26_0
54.353583,10.146125,27,211211850,27_0
54.35973,10.148178,27,211611070,27_0
54.359735,10.144958,27,211947000,27_0
54.360055,10.14771,27,211231520,27_0
54.361582,10.14672,27,211215730,27_0
54.36257,9.818727,28,211274960,28_0
54.36443,9.819458,28,211457700,28_0
54.362627,10.147747,29,211211330,29_0
54.365132,10.143905,29,211202400,29_0
54.365433,10.143755,29,218008130,29_0
54.365533,10.14136,29,211286440,29_0
54.365653,10.141772,29,212006000,29_0
54.365718,10.140352,29,246650000,29_0
54.365718,10.141882,29,245097000,29_0
54.365803,10.139922,29,210048000,29_0
54.365945,10.143668,29,265412000,29_0
54.36601,10.1416,29,246507000,29_0
54.366017,10.139758,29,211747930,29_0
54.366058,10.141283,29,275541000,29_0
54.366117,10.14121,29,277550000,29_0
54.366547,10.140203,29,211611070,29_0
54.3702,10.155867,29,211222710,29_0
54.371083,12.728902,30,211411230,30_0
54.371202,12.728412,30,211771340,30_0
54.371205,12.721345,30,211180590,30_0
54.37142,12.728783,30,211543450,30_0
54.37171,10.15764,31,211570140,31_0
54.37321,10.158163,31,211219990,31_0
54.37234,10.990925,32,211212690,32_0
54.372837,11.00562,32,211264670,32_0
54.373225,10.98528,32,211477060,32_0
54.373313,10.984438,32,218037430,32_0
54.373513,10.983093,32,211226940,32_0
54.421367,11.1917,33,211227550,33_0
54.421525,11.190252,33,211516210,33_0
54.43149,12.690628,34,211817600,34_0
54.431628,12.690998,34,211543850,34_0
54.43433,16.387727,35,261027890,35_0
54.4368,16.386795,35,261012530,35_0
54.437565,16.387265,35,261008020,35_0
54.437852,16.384338,35,261185762,35_0
54.45908,12.57178,36,211460410,36_0
54.459192,12.571915,36,211460690,36_0
54.463687,7.64274,37,257759000,37_0
54.470833,7.64055,37,992111855,37_0
54.465525,9.859427,38,211211460,38_0
54.472963,9.859748,38,211212200,38_0
54.469628,9.036887,39,211634540,39_0
54.470072,9.036592,39,211493380,39_0
54.470915,9.036145,39,211379770,39_0
54.47109,9.034875,39,244677000,39_0
54.472148,9.035998,39,211796430,39_0
54.472213,9.029042,39,218037720,39_0
54.472312,9.028483,39,211209290,39_0
54.472318,9.037628,39,211152520,39_0
54.472408,9.038385,39,211731030,39_0
54.472453,9.02761,39,211294830,39_0
54.472573,9.040173,39,305502000,39_0
54.4726,9.026783,39,211291160,39_0
54.4727,9.02635,39,211291150,39_0
54.472992,9.046088,39,218030430,39_0
54.473228,9.045585,39,211667470,39_0
54.473332,9.043828,39,211317290,39_0
54.473363,9.045258,39,211398000,39_0
54.47384,9.043358,39,211243440,39_0
54.471933,7.739167,40,992111852,40_0
54.478203,7.736277,40,992111899,40_0
54.477718,13.597823,41,377603000,41_0
54.47797,13.597607,41,255805280,41_0
54.480733,13.597308,41,215888000,41_0
54.481902,13.58608,41,236111817,41_0
54.484142,13.589,41,210052000,41_0
54.497515,8.807347,42,211405010,42_0
54.497977,8.806988,42,211255580,42_0
54.499997,7.643088,43,992111895,43_0
54.506383,7.641017,43,992111974,43_0
54.50195,11.226067,44,219000429,44_0
54.502583,11.226733,44,211190000,44_0
54.5026,11.226733,44,211188000,44_0
54.502617,11.226767,44,219000431,44_0
54.50293,11.230348,44,211757540,44_0
54.571793,11.928687,45,219024178,45_0
54.571973,11.928778,45,219022256,45_0
54.572072,11.930025,45,219002764,45_0
54.572123,11.928812,45,232003652,45_0
54.572285,11.930557,45,219029703,45_0
54.572333,11.929967,45,219023945,45_0
54.572365,11.928368,45,219009338,45_0
54.573633,11.92475,45,219423000,45_0
54.57365,11.924717,45,211727510,45_0
54.582083,11.372248,46,244475000,46_0
54.584592,11.375132,46,218197000,46_0
54.584935,11.371438,46,205196000,46_0
54.585612,11.371175,46,235116828,46_0
54.588978,11.371885,46,255915769,46_0
54.589933,11.366163,46,246702000,46_0
54.59022,11.364743,47,246702000,47_0
54.590343,11.363477,47,218197000,47_0
54.593828,11.332137,48,992111801,48_0
54.597217,11.319322,48,992111803,48_0
54.599913,11.337158,48,992111799,48_0
54.603622,11.324328,49,992111794,49_0
54.60982,11.329493,49,992111795,49_0
54.606177,11.342528,50,992111798,50_0
54.60982,11.329493,50,992111795,50_0
54.612442,11.347657,50,992111797,50_0
54.627155,8.392735,51,218047870,51_0
54.629138,8.398818,51,211782080,51_0
54.62916,8.398838,51,211551940,51_0
54.629237,8.399108,51,211222960,51_0
54.631618,8.38331,51,211169660,51_0
54.631835,8.382907,51,211548430,51_0
54.631857,8.3812,51,211224320,51_0
54.631927,8.38116,51,211673560,51_0
54.635175,11.3862,52,245693000,52_0
54.635188,11.38629,52,246607000,52_0
54.635488,11.38699,52,244582000,52_0
54.636342,11.388553,52,255915769,52_0
54.636357,11.387315,52,244475000,52_0
54.636667,11.387817,52,245875000,52_0
54.63677,11.387857,52,218197000,52_0
54.636783,11.388085,52,209535000,52_0
54.63702,11.381103,52,244890000,52_0
54.637358,11.373933,52,246925000,52_0
54.637658,11.377617,52,246702000,52_0
54.637687,11.373802,52,245489000,52_0
54.637862,11.386523,52,245043000,52_0
54.637905,11.373597,52,244750806,52_0
54.638038,11.373708,52,244468000,52_0
54.638063,11.37365,52,235116828,52_0
54.638303,11.37348,52,235091458,52_0
54.63851,11.374735,52,205210000,52_0
54.638883,11.38098,52,205214000,52_0
54.638905,11.376638,52,219033077,52_0
54.63891,11.373217,52,219032896,52_0
54.63901,11.373193,52,219032788,52_0
54.639987,11.37602,52,219031274,52_0
54.64137,11.375367,52,992111010,52_0
54.6529,11.35025,53,219000429,53_0
54.653417,11.3499,53,211190000,53_0
54.653417,11.349917,53,211188000,53_0
54.65345,11.34995,53,219000431,53_0
54.65441,11.347125,53,245693000,53_0
54.654913,11.348293,53,219448000,53_0
54.655015,11.348383,53,219472000,53_0
54.655065,11.348848,53,219016577,53_0
54.655205,11.348848,53,970015011,53_0
54.655253,11.34805,53,219018788,53_0
54.655313,11.34797,53,219016665,53_0
54.655803,11.347818,53,244860678,53_0
54.656177,11.347735,53,219007462,53_0
54.656328,11.347945,53,219021596,53_0
54.656508,11.348238,53,304855000,53_0
54.656542,11.35103,53,219299000,53_0
54.65656,11.349922,53,246607000,53_0
54.656612,11.348625,53,219033221,53_0
54.656838,11.348955,53,219028973,53_0
54.657337,11.349707,53,219000155,53_0
54.659895,9.934473,54,211147180,54_0
54.660268,9.934455,54,211797460,54_0
54.660583,10.021017,55,211800420,55_0
54.661158,10.020133,55,211866190,55_0
54.681895,9.991122,56,211800420,56_0
54.682167,9.9915,56,211517200,56_0
54.682302,9.992113,56,211519000,56_0
54.692395,8.572427,57,211552710,57_0
54.692567,8.577495,57,211782080,57_0
54.692583,8.572633,57,211223310,57_0
54.692682,8.577737,57,211222960,57_0
54.692832,8.57332,57,211757470,57_0
54.693148,8.57639,57,211551940,57_0
54.730382,8.689798,58,211782080,58_0
54.73039,8.690153,58,211222960,58_0
54.730408,8.689803,58,211551940,58_0
54.730782,8.687882,58,211673560,58_0
54.750697,10.671415,59,220317000,59_0
54.750833,10.670655,59,219029577,59_0
54.751168,10.67122,59,219015338,59_0
54.751195,10.670552,59,219000881,59_0
54.751413,10.671865,59,219016667,59_0
54.7574,8.294517,60,211291170,60_0
54.758337,8.294622,60,211413470,60_0
54.758692,8.295,60,211101000,60_0
54.7587,8.2947,60,211363300,60_0
54.758783,8.2947,60,211364330,60_0
54.7754,8.328167,61,211364330,61_0
54.777133,8.333417,61,211363300,61_0
54.777285,8.332808,61,211101000,61_0
54.793762,9.434058,62,203247191,62_0
54.79454,9.433735,62,211736820,62_0
54.79499,9.43311,62,211588580,62_0
54.795015,9.433297,62,211462260,62_0
54.809103,9.454055,63,211284050,63_0
54.810283,9.454625,63,211798910,63_0
54.810333,9.454148,63,211812920,63_0
54.810433,9.45739,63,244020613,63_0
54.814058,9.45551,63,211570140,63_0
54.816033,11.017953,64,219013192,64_0
54.816197,11.017857,64,220000057,64_0
54.816517,11.01735,64,219007746,64_0
54.817097,11.016667,64,219007155,64_0
54.828005,11.135983,65,251848740,65_0
54.829772,11.123567,65,219005979,65_0
54.830405,11.123037,65,219002392,65_0
54.830883,11.130835,65,219015579,65_0
54.831,11.123838,65,210852000,65_0
54.833152,11.124657,65,219002656,65_0
54.830563,11.120288,66,219015579,66_0
54.831,11.123838,66,210852000,66_0
54.832227,11.113425,66,219007421,66_0
54.833152,11.124657,66,219002656,66_0
54.833458,11.121332,66,219006152,66_0
54.833527,11.121093,66,219026661,66_0
54.833583,11.121063,66,219016668,66_0
54.8336,11.121035,66,219023811,66_0
54.831425,11.093813,67,219027755,67_0
54.832212,11.093488,67,219007421,67_0
54.83805,11.489128,68,219000804,68_0
54.8387,11.491817,68,219000811,68_0
54.838633,10.99967,69,245809000,69_0
54.838655,10.999618,69,245808000,69_0
54.838727,10.999697,69,219007363,69_0
54.838803,10.999717,69,219015579,69_0
54.841683,13.894583,70,311001310,70_0
54.847152,13.903142,70,215644000,70_0
54.850652,10.52384,0,219017382,0_1
54.851228,10.523882,0,219022362,0_1
54.851242,10.523303,0,219031752,0_1
54.851275,10.524028,0,219531000,0_1
54.856533,10.521735,0,219026197,0_1
54.875967,11.02855,1,219016938,1_1
54.875983,11.028567,1,219016555,1_1
54.88779,10.937287,2,245809000,2_1
54.890395,10.933047,2,245808000,2_1
54.891265,10.412657,3,219000836,3_1
54.891548,10.412892,3,219000674,3_1
54.89235,12.043905,4,219007572,4_1
54.895028,12.036633,4,219019801,4_1
54.899675,12.043003,4,231336000,4_1
54.906605,9.599585,5,219025739,5_1
54.909338,9.601195,5,219031479,5_1
54.909085,9.781743,6,219003217,6_1
54.909177,9.78166,6,219004903,6_1
54.909902,9.782167,6,219000178,6_1
54.915555,11.357843,7,219016682,7_1
54.916018,11.360095,7,219000809,7_1
54.91605,11.359983,7,219000811,7_1
54.916315,11.360517,7,219002177,7_1
54.924835,10.839028,8,219016781,8_1
54.933005,10.832495,8,219031879,8_1
54.933027,10.832478,9,219031879,9_1
54.933032,10.833512,9,219016781,9_1
54.933603,10.834105,9,219002962,9_1
54.933663,10.83417,9,219007932,9_1
54.933808,10.833737,9,219023834,9_1
54.93392,10.833678,9,219001061,9_1
54.933933,10.834493,9,219008145,9_1
54.934883,10.8338,9,219016938,9_1
54.9349,10.83385,9,219016555,9_1
54.937535,10.732197,10,219025188,10_1
54.939563,10.735308,10,219032621,10_1
54.937565,10.702867,11,219017917,11_1
54.937805,10.703327,11,219026197,11_1
54.93917,10.70832,11,219004668,11_1
54.940677,10.71114,11,219028635,11_1
54.941737,10.713592,11,219028144,11_1
54.941485,10.259137,12,219023531,12_1
54.94164,10.259532,12,219000733,12_1
54.941825,10.258255,12,219007101,12_1
54.942082,10.256105,12,211225920,12_1
54.942158,10.257947,12,538071245,12_1
54.9425,10.2582,12,211222290,12_1
54.942967,10.256342,12,210336000,12_1
54.943503,10.255278,12,244181000,12_1
54.942517,9.873105,13,244810475,13_1
54.943963,9.873015,13,219032365,13_1
54.952257,12.466723,14,218043440,14_1
54.952425,12.46648,14,211810060,14_1
54.952932,12.467212,14,219017204,14_1
54.953142,12.467113,14,219016747,14_1
54.954457,12.468478,14,219029707,14_1
54.955193,13.44895,15,244519000,15_1
54.956515,13.444122,15,230617000,15_1
54.972498,11.864968,16,246389000,16_1
54.972553,11.863958,16,235106475,16_1
54.972577,11.864468,16,245371000,16_1
54.98225,11.873348,17,246389000,17_1
54.983903,11.874627,17,235106475,17_1
54.982868,12.281902,18,219003541,18_1
54.983083,12.281577,18,219002874,18_1
54.984185,12.280388,18,219027205,18_1
54.992285,9.98534,19,219005511,19_1
54.994257,9.98518,19,219000606,19_1
54.994327,9.98594,19,219023531,19_1
54.993942,11.87323,20,246389000,20_1
54.994632,11.873875,20,235106475,20_1
54.995145,11.87381,20,245371000,20_1
54.995765,11.875662,20,231336000,20_1
54.996155,11.876325,20,219777000,20_1
54.996633,11.887095,20,219014267,20_1
54.996743,11.886968,20,219000183,20_1
54.997482,11.884963,20,210290000,20_1
54.994633,12.167728,21,219027620,21_1
54.995128,12.165942,21,219003446,21_1
54.994745,11.899293,22,219024284,22_1
54.996633,11.887095,22,219014267,22_1
54.996743,11.886968,22,219000183,22_1
54.996853,11.886713,22,246389000,22_1
54.997482,11.884963,22,210290000,22_1
55.002133,13.231567,23,992111926,23_1
55.008567,13.228567,23,992111925,23_1
55.002433,7.755667,24,219613000,24_1
55.00608,7.767178,24,219032609,24_1
55.003585,11.916712,25,219025072,25_1
55.003898,11.91666,25,219021294,25_1
55.015108,8.439732,26,209392000,26_1
55.01637,8.440435,26,211235200,26_1
55.016402,8.439452,26,211609560,26_1
55.016717,8.440717,26,246135000,26_1
55.01687,8.440498,26,245914000,26_1
55.019973,7.800073,27,219032609,27_1
55.020283,7.800033,27,219613000,27_1
55.032807,7.800317,28,219032609,28_1
55.040117,7.801033,28,219613000,28_1
55.035263,9.42247,29,219032016,29_1
55.040195,9.42742,29,636018261,29_1
55.042315,9.423242,29,219000647,29_1
55.038885,12.193852,30,219029878,30_1
55.039463,12.19394,30,219032946,30_1
55.055617,10.61498,31,219003342,31_1
55.057333,10.615333,31,219000836,31_1
55.057445,10.615385,31,219000674,31_1
55.05757,10.614857,31,219006026,31_1
55.058037,10.618782,31,219007366,31_1
55.058318,10.621243,31,244995000,31_1
55.05839,10.619898,31,219002493,31_1
55.058445,10.616258,31,219001284,31_1
55.058498,10.620645,31,219020391,31_1
55.058588,10.619337,31,219004896,31_1
55.058672,10.618983,31,219016144,31_1
55.058973,10.615102,31,219000742,31_1
55.059562,10.619677,31,220466000,31_1
55.059622,10.620047,31,219750000,31_1
55.05964,10.617157,31,219002856,31_1
55.059913,10.61948,31,219011021,31_1
55.059948,10.6167,31,219003038,31_1
55.060028,10.615932,31,219002312,31_1
55.060152,10.621212,31,220345000,31_1
55.060155,10.616518,31,235003431,31_1
55.06022,10.616153,31,219000851,31_1
55.06041,10.618273,31,211302570,31_1
55.060617,10.617592,31,219000657,31_1
55.060733,10.618,31,219000892,31_1
55.061013,10.619043,31,219021596,31_1
55.0612,10.618253,31,219000191,31_1
55.06131,10.61467,31,219013969,31_1
55.062383,10.617083,31,219016306,31_1
55.057883,15.137633,32,219011032,32_1
55.059443,15.136765,32,261003244,32_1
55.062022,15.135468,32,220073000,32_1
55.062158,15.135552,32,219002761,32_1
55.062547,15.13471,32,219014244,32_1
55.063552,15.13568,32,220431000,32_1
55.063813,15.1351,32,261099060,32_1
55.067597,10.25176,33,219004145,33_1
55.076035,10.254448,33,219032635,33_1
55.085613,8.567898,34,219032609,34_1
55.085883,8.566985,34,219000617,34_1
55.08626,8.57082,34,209392000,34_1
55.086902,8.565608,34,245914000,34_1
55.08705,8.566367,34,246135000,34_1
55.087142,8.570833,34,209702000,34_1
55.088383,8.565717,34,219004043,34_1
55.08808,14.694392,35,244016000,35_1
55.092918,14.685452,35,219033720,35_1
55.093037,14.685212,35,219022260,35_1
55.093673,14.689507,35,219032956,35_1
55.094337,14.695545,35,219019015,35_1
55.094367,14.696017,35,219018488,35_1
55.095468,14.696368,35,219007671,35_1
55.095853,14.695022,35,219173000,35_1
55.092207,10.24082,36,219000733,36_1
55.092932,10.241468,36,219016906,36_1
55.093207,10.239712,36,219029904,36_1
55.093322,10.235688,36,219024281,36_1
55.094133,10.239138,36,219000188,36_1
55.094295,10.2396,36,219004145,36_1
55.094863,10.239867,36,219022614,36_1
55.09525,10.234103,36,219032635,36_1
55.095342,10.23646,36,219034214,36_1
55.095498,10.234432,36,218061300,36_1
55.097898,10.233843,36,219033042,36_1
55.09503,14.684378,37,219022260,37_1
55.095283,14.691082,37,219032956,37_1
55.095468,14.696368,37,219007671,37_1
55.095702,14.693705,37,219033720,37_1
55.095857,14.694985,37,219173000,37_1
55.096322,14.684998,37,219032845,37_1
55.09745,14.687478,37,210561000,37_1
55.098052,14.696235,37,219006514,37_1
55.098175,14.695803,37,219033941,37_1
55.098347,14.689618,37,219026000,37_1
55.098378,14.696082,37,219028158,37_1
55.098463,14.69655,37,219007641,37_1
55.098567,14.693723,37,219017081,37_1
55.099298,14.693052,37,219001468,37_1
55.099313,14.691522,37,219028133,37_1
55.099678,14.693122,37,219001058,37_1
57.594082,9.962377,0,219013178,0_2
57.594112,9.958675,0,219023274,0_2
57.594208,9.958187,0,219009135,0_2
57.594277,9.95914,0,219002774,0_2
57.5943,9.95935,0,219019010,0_2
57.594405,9.962405,0,220088000,0_2
57.594513,9.960302,0,219015362,0_2
57.699165,11.667355,1,265522210,1_2
57.699295,11.667212,1,265522220,1_2
57.699467,11.666992,1,265522240,1_2
57.706552,11.660023,1,265581970,1_2
57.707388,11.660552,1,265579090,1_2
57.713878,10.59,2,265002000,2_2
57.715135,10.58347,2,219005583,2_2
57.715185,10.58753,2,219013933,2_2
57.715192,10.584083,2,257052890,2_2
57.715288,10.582723,2,219005867,2_2
57.715332,10.584397,2,219024000,2_2
57.715427,10.582285,2,244710047,2_2
57.715498,10.58197,2,257101030,2_2
57.715652,10.587207,2,219033125,2_2
57.715917,10.58591,2,219007027,2_2
57.715983,10.581383,2,257571000,2_2
57.716162,10.58643,2,219007034,2_2
57.716468,10.585228,2,232043529,2_2
57.716563,10.586998,2,219010873,2_2
57.7173,10.585328,2,219031289,2_2
57.717473,10.587317,2,219002827,2_2
57.71762,10.587003,2,220333000,2_2
57.717623,10.586173,2,219006301,2_2
57.717627,10.590057,2,219015442,2_2
57.717875,10.588098,2,219011018,2_2
57.717877,10.58629,2,219005732,2_2
57.718185,10.587435,2,219013885,2_2
57.71821,10.586918,2,220343000,2_2
57.718262,10.592835,2,219001849,2_2
57.71837,10.599362,2,265019000,2_2
57.718493,10.58949,2,219022257,2_2
57.718883,10.58893,2,219026706,2_2
57.719102,10.588272,2,257102400,2_2
57.719127,10.590042,2,219022000,2_2
57.719155,10.588593,2,258572000,2_2
57.719303,10.600985,2,232009818,2_2
57.719402,10.592358,2,219019067,2_2
57.71987,10.593895,2,219017733,2_2
57.720023,10.594468,2,219032932,2_2
57.72004,10.591787,2,219013964,2_2
57.720177,10.594907,2,219031797,2_2
57.71934,10.604463,3,219022326,3_2
57.719402,10.592358,3,219019067,3_2
57.71987,10.593895,3,219017733,3_2
57.720023,10.594468,3,219032932,3_2
57.72004,10.591792,3,219013964,3_2
57.720177,10.594905,3,219031797,3_2
57.720747,10.603052,3,316100000,3_2
57.939933,11.578483,4,266145000,4_2
57.940163,11.578717,4,266461000,4_2
58.399653,12.320668,5,992651014,5_2
58.402307,12.325447,5,992651012,5_2
55.099735,14.69315,0,219001058,0_3
55.099747,14.693408,0,219000896,0_3
55.099752,14.691738,0,219007671,0_3
55.1001,14.693933,0,219018488,0_3
55.103183,14.692298,0,219023888,0_3
55.10487,14.693033,0,219025523,0_3
55.171417,11.1602,1,219005068,1_3
55.171425,11.159542,1,219027328,1_3
55.184377,14.70291,2,219021300,2_3
55.186432,14.704217,2,219031421,2_3
55.188602,14.70298,2,219027963,2_3
55.188693,14.703223,2,219016821,2_3
55.18875,14.702577,2,219028881,2_3
55.188793,14.703533,2,219027084,2_3
55.188813,14.702595,2,219034145,2_3
55.197663,11.257218,3,219015425,3_3
55.19874,11.256963,3,636020365,3_3
55.199048,11.256395,3,219022265,3_3
55.207567,12.15839,4,219007572,4_3
55.213762,12.160203,4,219031754,4_3
55.2142,12.163205,4,245257000,4_3
55.208027,11.716407,5,219031721,5_3
55.208658,11.716972,5,219023488,5_3
55.2123,11.244083,6,219016832,6_3
55.212817,11.24395,6,219005068,6_3
55.216405,11.74237,7,219023392,7_3
55.216667,11.738333,7,219026899,7_3
55.216923,11.739303,7,219027645,7_3
55.220488,9.286757,8,111219516,8_3
55.221258,9.287487,8,111219520,8_3
55.240347,14.893545,9,211116660,9_3
55.242382,14.907873,9,248219000,9_3
55.247667,14.836383,10,219018488,10_3
55.247837,14.838992,10,219014054,10_3
55.247957,14.837567,10,219012793,10_3
55.247975,14.836087,10,219019015,10_3
55.248218,14.836167,10,219000751,10_3
55.254105,12.370982,11,219029960,11_3
55.254163,12.37298,11,219002823,11_3
55.261427,9.712973,12,219000643,12_3
55.262022,9.711712,12,219004125,12_3
55.262258,9.70857,12,219000923,12_3
55.262433,9.71039,12,219026591,12_3
55.267908,9.884103,13,219033266,13_3
55.268247,9.888122,13,219030406,13_3
55.26843,9.887942,13,219014412,13_3
55.26856,9.883918,13,219018258,13_3
55.26883,9.887938,13,518100276,13_3
55.268895,9.889015,13,219305000,13_3
55.269288,9.888685,13,219017105,13_3
55.269302,9.88916,13,219032380,13_3
55.270138,9.888777,13,219000553,13_3
55.270285,9.88929,13,219000818,13_3
55.270882,9.888482,13,211278920,13_3
55.288207,10.826985,14,219000185,14_3
55.28861,10.82604,14,219000549,14_3
55.296398,10.811925,15,219997000,15_3
55.296463,10.811488,15,982190006,15_3
55.298007,10.812202,15,219166000,15_3
55.30057,10.806372,15,219012076,15_3
55.301038,10.805567,15,219006563,15_3
55.30113,10.805288,15,219028267,15_3
55.301318,10.805697,15,219012073,15_3
55.297283,10.788845,16,257364000,16_3
55.297302,10.788882,16,244267000,16_3
55.302943,10.784837,16,219001965,16_3
55.307142,10.790055,17,219025891,17_3
55.309113,10.79349,17,356388000,17_3
55.30956,10.792778,17,371830000,17_3
55.32025,15.186117,18,219016547,18_3
55.320677,15.18596,18,219002418,18_3
55.32722,11.131742,19,219029349,19_3
55.328065,11.13325,19,244740800,19_3
55.330095,11.131892,19,219015359,19_3
55.330137,11.129133,19,220432000,19_3
55.330138,11.12702,19,219002067,19_3
55.330388,11.12682,19,219000125,19_3
55.330522,11.128813,19,220435000,19_3
55.330543,11.128382,19,220434000,19_3
55.330923,11.128595,19,219262000,19_3
55.331065,11.127853,19,219000417,19_3
55.331252,11.129823,19,220428000,19_3
55.33134,11.127988,19,219011074,19_3
55.331442,11.126155,19,219000472,19_3
55.3315,11.138888,19,219012789,19_3
55.331843,11.131012,19,219000126,19_3
55.331882,11.138428,19,219012788,19_3
55.331942,11.129285,19,219000474,19_3
55.332122,11.131875,19,219103000,19_3
55.332165,11.131848,19,219105000,19_3
55.33224,11.131392,19,219022265,19_3
55.333037,11.137883,19,219000622,19_3
55.333388,11.134292,19,219024676,19_3
55.333458,11.139915,19,305190000,19_3
55.334457,11.135418,19,219002719,19_3
55.335452,11.135497,19,219015425,19_3
55.330153,11.150183,20,212503000,20_3
55.33018,11.146858,20,219028645,20_3
55.3315,11.138888,20,219012789,20_3
55.331882,11.138428,20,219012788,20_3
55.333037,11.137883,20,219000622,20_3
55.333458,11.139915,20,305190000,20_3
55.333497,11.137962,20,219022265,20_3
55.335517,11.137752,20,219015425,20_3
55.34095,11.0281,21,992191536,21_3
55.34285,11.042867,21,992191537,21_3
55.3656,13.161017,22,218795000,22_3
55.366397,13.159542,22,265866000,22_3
55.3664,13.159533,22,211343680,22_3
55.366487,13.154857,22,265463000,22_3
55.366512,13.15471,22,265031000,22_3
55.366992,13.15779,22,211833390,22_3
55.367,13.157818,22,210510000,22_3
55.37037,13.153768,22,209867000,22_3
55.37049,13.153665,22,209183000,22_3
55.370635,13.14879,22,209869000,22_3
55.370673,13.151818,22,210425000,22_3
55.370747,13.148578,22,265874000,22_3
55.371817,13.143883,23,265519650,23_3
55.372327,13.143847,23,265012560,23_3
55.37238,13.143642,23,265586990,23_3
55.372787,13.145053,23,265607640,23_3
55.410518,12.933802,24,265816840,24_3
55.410673,12.933318,24,265768840,24_3
55.41091,12.932805,24,265793620,24_3
55.416177,8.205545,25,219298000,25_3
55.4175,8.2105,25,219573000,25_3
55.420938,13.826623,26,210174000,26_3
55.421172,13.827288,26,311000330,26_3
55.424553,13.825602,26,209911000,26_3
55.424667,13.826538,26,210095000,26_3
55.424882,13.824838,26,209864000,26_3
55.425333,13.817183,26,265513470,26_3
55.425448,13.817403,26,265768850,26_3
55.426137,13.821805,26,265724000,26_3
55.426148,13.825437,26,219028133,26_3
55.426292,13.823083,26,266334000,26_3
55.421223,10.379222,27,219024597,27_3
55.422663,10.38142,27,248221000,27_3
55.422767,10.381467,27,236111791,27_3
55.425193,10.384315,27,219011491,27_3
55.42809,10.399583,28,212503000,28_3
55.428198,10.392478,28,219011491,28_3
55.430183,10.408945,28,275510000,28_3
55.4475,8.479,29,219573000,29_3
55.44917,8.479525,29,244140000,29_3
55.44918,8.476323,29,219298000,29_3
55.449265,8.476163,29,219387000,29_3
55.4495,8.481488,29,246818000,29_3
55.449565,8.481532,29,244643000,29_3
55.449627,8.481492,29,246819000,29_3
55.451555,8.481038,29,219596000,29_3
55.451763,8.481113,29,211809000,29_3
55.452508,8.47665,29,211341960,29_3
55.453435,8.479013,29,255806364,29_3
55.448175,8.452498,30,995750020,30_3
55.448615,8.462168,30,219298000,30_3
55.451425,8.455207,30,995750022,30_3
55.45318,8.447512,30,246575000,30_3
55.45327,8.446595,30,219009101,30_3
55.453438,8.44711,30,246819000,30_3
55.453522,8.44656,30,244643000,30_3
55.453562,8.446483,30,246818000,30_3
55.454165,8.450738,30,238056000,30_3
55.45444,8.449545,30,995750021,30_3
55.449273,10.664338,31,219003103,31_3
55.449792,10.664002,31,219007393,31_3
55.449872,10.664197,31,219250000,31_3
55.449882,10.663578,31,219167000,31_3
55.450283,8.408693,32,219000604,32_3
55.450368,8.408753,32,219029233,32_3
55.453668,12.186577,33,219023752,33_3
55.454055,12.196388,33,219000551,33_3
55.454403,12.19156,33,246483000,33_3
55.455552,12.19694,33,219026000,33_3
55.457352,12.20057,33,209014000,33_3
55.455297,8.44074,34,244750825,34_3
55.455698,8.449387,34,995750021,34_3
55.457662,8.447988,34,258514000,34_3
55.457847,8.442368,34,219020041,34_3
55.458412,8.449852,34,257024000,34_3
55.460383,8.450233,34,219029726,34_3
55.460432,8.4403,34,219000603,34_3
55.460435,8.446852,34,246819000,34_3
55.460497,8.44698,34,246818000,34_3
55.460703,8.439647,34,219000604,34_3
55.460787,8.439772,34,219029233,34_3
55.461523,8.443255,34,219009101,34_3
55.462,8.437333,34,219615000,34_3
55.462192,8.44409,34,219014222,34_3
55.462202,8.443895,34,219043000,34_3
55.462593,8.442127,34,219009000,34_3
55.462672,8.444893,34,219679000,34_3
55.462792,8.445357,34,219000161,34_3
55.46302,8.442108,34,219017938,34_3
55.46312,8.445975,34,219027893,34_3
55.463247,8.442155,34,219009432,34_3
55.463488,8.445925,34,219022047,34_3
55.463645,8.445397,34,219570000,34_3
55.464018,8.443833,34,220446000,34_3
55.464082,8.44228,34,219669000,34_3
55.456088,12.244393,35,219461000,35_3
55.458353,12.240857,35,219001819,35_3
55.45979,12.202585,36,244770997,36_3
55.462067,12.202653,36,219000195,36_3
55.464043,12.202727,36,210544000,36_3
55.466317,12.2029,36,341412000,36_3
55.464398,8.44302,37,219016597,37_3
55.464603,8.44327,37,219034001,37_3
55.464617,8.442678,37,219021578,37_3
55.465092,8.43231,37,232008874,37_3
55.465428,8.433992,37,255915569,37_3
55.46676,8.435652,37,219616000,37_3
55.466973,8.435382,37,258687000,37_3
55.468072,8.433728,37,232054785,37_3
55.468802,8.43288,37,219022580,37_3
55.466022,10.527873,38,219348000,38_3
55.467683,10.528803,38,219024597,38_3
55.46809,10.530708,38,219024175,38_3
55.468682,10.531583,38,219032995,38_3
55.468895,10.530088,38,219011283,38_3
55.47005,10.536922,38,219006099,38_3
55.470492,10.536388,38,257100000,38_3
55.470563,10.539565,38,228085000,38_3
55.470685,10.534002,38,257182000,38_3
55.470935,10.536718,38,209952000,38_3
55.46874,12.195513,39,219003315,39_3
55.469425,12.19323,39,219032650,39_3
55.469653,12.193852,39,219012331,39_3
55.46982,12.194598,39,219030557,39_3
55.469957,12.193278,39,219015403,39_3
55.471342,12.194598,39,219024077,39_3
55.470692,8.423887,40,219029698,40_3
55.471715,8.424192,40,219000771,40_3
55.471715,8.423818,40,219001959,40_3
55.471727,8.423268,40,2190045,40_3
55.471737,8.424252,40,219024783,40_3
55.471795,8.423383,0,2190045,0_4
55.471795,8.42435,0,219024783,0_4
55.471795,8.42416,0,219000771,0_4
55.4718,8.424883,0,219001266,0_4
55.472138,8.421617,0,219029698,0_4
55.472415,8.426425,0,244834000,0_4
55.47242,8.422173,0,232040897,0_4
55.472573,8.426705,0,219017273,0_4
55.47261,8.426853,0,219010252,0_4
55.472798,8.425378,0,219000618,0_4
55.473142,8.423013,0,235102532,0_4
55.473163,8.423642,0,220228000,0_4
55.473233,8.424163,0,219019804,0_4
55.473297,8.425768,0,219011225,0_4
55.473343,8.423805,0,219003561,0_4
55.473382,8.423958,0,219011867,0_4
55.473408,8.424073,0,219001189,0_4
55.473433,8.424695,0,219001695,0_4
55.473507,8.426165,0,219001265,0_4
55.473515,8.422757,0,219019936,0_4
55.473533,8.42435,0,219009041,0_4
55.473683,8.425497,0,219459000,0_4
55.47407,8.420617,0,219033166,0_4
55.47409,8.42571,0,244750825,0_4
55.47439,8.42028,0,219025992,0_4
55.474832,8.42033,0,219031153,0_4
55.474973,8.424453,0,219028839,0_4
55.47508,8.42448,0,219001771,0_4
55.475155,8.421952,0,219026489,0_4
55.475223,8.421572,0,219019934,0_4
55.475288,8.422543,0,219026490,0_4
55.475667,8.4231,0,219013179,0_4
55.476087,8.414433,0,219027992,0_4
55.476127,8.413825,0,677064088,0_4
55.477115,8.416957,0,219381000,0_4
55.4774,8.41353,0,219171000,0_4
55.477562,8.414572,0,277547000,0_4
55.477662,8.414922,0,277346000,0_4
55.478185,8.41271,0,219026231,0_4
55.47828,8.41854,0,219812000,0_4
55.478802,8.41991,0,231074000,0_4
55.473197,10.537482,1,257206000,1_4
55.473435,10.537822,1,210552000,1_4
55.476163,10.539167,1,212575000,1_4
55.477937,10.542952,1,219011491,1_4
55.474772,14.285702,2,265695200,2_4
55.474868,14.285903,2,265523410,2_4
55.4764,5.108883,3,992191507,3_4
55.4773,5.107417,3,992191506,3_4
55.478233,5.10575,3,992191504,3_4
55.478917,5.107283,3,992191503,3_4
55.48035,5.109183,3,992191505,3_4
55.480667,5.116167,3,992191502,3_4
55.480937,8.408637,4,219000615,4_4
55.482328,8.423992,4,219029698,4_4
55.482483,8.40963,4,219031464,4_4
55.482498,8.410582,4,219027656,4_4
55.482608,8.409867,4,219029466,4_4
55.48266,8.410615,4,219005998,4_4
55.489028,9.500352,5,219026202,5_4
55.491543,9.492572,5,230698000,5_4
55.49366,9.496795,5,244321000,5_4
55.489537,9.483272,6,219000193,6_4
55.491543,9.492572,6,230698000,6_4
55.49366,9.496795,6,244321000,6_4
55.491025,9.728865,7,219030040,7_4
55.492075,9.729595,7,219024886,7_4
55.493297,11.175232,8,219032764,8_4
55.493852,11.174918,8,219019688,8_4
55.537568,5.032217,9,259140000,9_4
55.538017,5.030867,9,992191512,9_4
55.538667,5.030333,9,538010661,9_4
55.5387,5.033267,9,992191513,9_4
55.53887,5.0332,9,2194006,9_4
55.539158,5.031047,9,219449000,9_4
55.53945,9.490133,10,219033429,10_4
55.539495,9.490017,10,211894140,10_4
55.551717,9.72491,11,227120820,11_4
55.551818,9.724617,11,219026015,11_4
55.55203,9.726923,11,219026672,11_4
55.552048,9.728922,11,219018454,11_4
55.552445,9.725272,11,219033345,11_4
55.558163,9.735573,11,257081000,11_4
55.555453,14.359138,12,265513140,12_4
55.555787,14.359328,12,265522490,12_4
55.5558,14.358448,12,266367000,12_4
55.555993,14.358173,12,266052000,12_4
55.556223,14.359147,12,265565690,12_4
55.556688,14.358028,12,265755000,12_4
55.556698,14.355247,12,266334000,12_4
55.556712,14.358958,12,265754000,12_4
55.55702,14.358798,12,266065000,12_4
55.557177,14.358225,12,266076000,12_4
55.556677,9.762752,13,636017490,13_4
55.556803,9.762723,13,266466000,13_4
55.55686,9.761692,13,219021244,13_4
55.557777,9.749193,13,219000558,13_4
55.559343,9.755753,13,220272000,13_4
55.559788,9.75414,13,219002176,13_4
55.559858,9.75697,13,219000179,13_4
55.5601,9.753872,13,219026257,13_4
55.557583,9.7396,14,246669000,14_4
55.557777,9.749193,14,219000558,14_4
55.558163,9.735573,14,257081000,14_4
55.559788,9.75414,14,219002176,14_4
55.5601,9.753872,14,219026257,14_4
55.578417,4.757033,15,992191510,15_4
55.579667,4.758667,15,992191508,15_4
55.580767,4.759833,15,992191509,15_4
55.582193,12.913457,16,265649310,16_4
55.583923,12.913078,16,265828130,16_4
55.584268,12.919125,16,265673610,16_4
55.584388,12.914572,16,265526690,16_4
55.584457,12.92145,16,265621730,16_4
55.584483,12.915623,16,265542540,16_4
55.585038,12.920305,16,265667170,16_4
55.585563,12.921708,16,265047540,16_4
55.587,12.924417,16,265771450,16_4
55.587113,12.92423,16,265814190,16_4
55.589895,12.677842,17,219022307,17_4
55.592695,12.679897,17,970258597,17_4
55.592735,12.67877,17,219027738,17_4
55.592773,12.680208,17,219024176,17_4
55.592842,12.680068,17,219024675,17_4
55.592867,12.679935,17,219000174,17_4
55.593578,12.676193,17,219001063,17_4
55.593868,12.676867,17,219003452,17_4
55.594525,12.679347,17,219024402,17_4
55.591937,12.353497,18,219029135,18_4
55.59368,12.352732,18,219029886,18_4
55.593907,12.355812,18,219024174,18_4
55.594057,12.35611,18,219012577,18_4
55.594435,12.355427,18,219018032,18_4
55.594505,12.355988,18,219020337,18_4
55.595742,12.355358,18,219026350,18_4
55.5964,12.354513,18,219022581,18_4
55.594843,12.934797,19,265830360,19_4
55.59656,12.933445,19,265751630,19_4
55.596835,12.937077,19,265516080,19_4
55.596838,12.937052,19,265807560,19_4
55.600362,12.485717,20,209956000,20_4
55.600627,12.485452,20,219850000,20_4
55.600752,12.48335,20,255848000,20_4
55.60128,12.481582,20,244790608,20_4
55.607517,12.385645,21,219029665,21_4
55.607548,12.384827,21,219002981,21_4
55.607578,12.38645,21,219000496,21_4
55.607608,12.386338,21,219026079,21_4
55.608093,12.387043,21,219030561,21_4
55.609505,12.39086,21,219025446,21_4
55.609653,12.38614,21,219026076,21_4
55.61112,12.396105,21,219021504,21_4
55.611425,12.385702,21,219026175,21_4
55.612025,12.396757,21,219034190,21_4
55.612928,12.394902,21,219030424,21_4
55.61308,12.395302,21,219023349,21_4
55.607533,12.441598,22,219000182,22_4
55.608487,12.44256,22,219018615,22_4
55.609015,12.445113,22,219024050,22_4
55.609757,12.440932,22,219025017,22_4
55.610757,12.501692,23,219001819,23_4
55.611297,12.501135,23,219461000,23_4
55.61349,12.997372,24,265610950,24_4
55.613592,12.997318,24,265514800,24_4
55.613658,13.002113,24,231846000,24_4
55.613885,13.001362,24,220476000,24_4
55.614988,12.989187,24,265719650,24_4
55.618053,12.987965,24,265541980,24_4
55.619642,13.022758,25,265757700,25_4
55.624228,13.035003,25,265821600,25_4
55.62428,13.033298,25,265594380,25_4
55.624625,13.034603,25,265628170,25_4
55.623313,12.999305,26,212949000,26_4
55.623327,12.993378,26,265757700,26_4
55.62406,12.99018,26,992651016,26_4
55.626783,12.99026,26,265051000,26_4
55.626873,12.990137,26,265042000,26_4
55.6269,12.990333,26,266239000,26_4
55.627205,12.98986,26,266262000,26_4
55.634425,13.026298,27,265054980,27_4
55.635,13.016833,27,256717000,27_4
55.635083,13.01985,27,266476000,27_4
55.636002,13.015225,27,220476000,27_4
55.636167,13.014733,27,538006779,27_4
55.637128,13.014237,27,314035000,27_4
55.637983,13.014425,27,231846000,27_4
55.635745,12.655808,28,219028120,28_4
55.635863,12.65537,28,219016692,28_4
55.636328,12.655343,28,219027249,28_4
55.639467,12.651173,28,219013524,28_4
55.63954,12.651483,28,219028501,28_4
55.641202,12.653595,28,219022668,28_4
55.642498,12.652913,28,219030094,28_4
55.643737,12.554247,29,219022182,29_4
55.64778,12.551308,29,219026305,29_4
55.647785,12.551247,29,219026301,29_4
55.647895,12.551422,29,219026304,29_4
55.650923,12.077753,30,219029906,30_4
55.651342,12.077487,30,219015302,30_4
55.654958,12.560978,31,219026304,31_4
55.654975,12.560933,31,219026305,31_4
55.659617,12.56052,31,219014686,31_4
55.661952,12.568862,31,219026301,31_4
55.662498,11.077292,32,219013514,32_4
55.663755,11.065735,32,636020532,32_4
55.668993,11.068672,32,219023833,32_4
55.664783,12.630353,33,219030294,33_4
55.664907,12.632717,33,219023719,33_4
55.665,12.633333,33,210928545,33_4
55.665055,12.633848,33,219025637,33_4
55.670888,12.641793,33,219007937,33_4
55.671083,12.641715,33,219001619,33_4
55.671138,12.635222,33,219032232,33_4
55.666237,11.092977,34,246541000,34_4
55.666258,11.091838,34,266475000,34_4
55.666342,11.096228,34,219023833,34_4
55.666535,11.093268,34,257667000,34_4
55.6671,11.098338,34,311027500,34_4
55.667203,11.097372,34,220272000,34_4
55.667243,11.10072,34,220259000,34_4
55.671718,11.096668,34,314824000,34_4
55.673062,11.096958,34,211333700,34_4
55.674808,11.095382,34,219017151,34_4
55.675067,11.094748,34,220474000,34_4
55.670977,12.641943,35,219007937,35_4
55.671083,12.641715,35,219001619,35_4
55.671167,12.635175,35,219032232,35_4
55.675735,12.634192,35,219027899,35_4
55.67215,12.58086,36,219026305,36_4
55.672177,12.580833,36,219026304,36_4
55.672183,12.580917,36,219026301,36_4
55.675078,12.59265,36,219000675,36_4
55.6758,12.57577,36,219017717,36_4
55.676067,12.588277,36,219007898,36_4
55.674813,11.098732,37,220272000,37_4
55.674813,11.099668,37,220259000,37_4
55.674815,11.095445,37,219017151,37_4
55.674907,11.102077,37,219002349,37_4
55.675067,11.094748,37,220474000,37_4
55.675327,11.100373,37,219005059,37_4
55.675773,11.101975,37,219003966,37_4
55.675917,11.100767,37,219001253,37_4
55.675947,11.10064,37,219010747,37_4
55.67608,11.101808,37,219000176,37_4
55.676148,11.100675,37,375052000,37_4
55.675688,12.595928,38,219033884,38_4
55.67589,12.596578,38,219000654,38_4
55.676067,12.588277,38,219007898,38_4
55.675735,11.018428,39,970026499,39_4
55.67575,11.018317,39,244678000,39_4
55.675788,11.01837,39,970026512,39_4
55.676207,11.100735,0,375052000,0_5
55.676217,11.089662,0,219000577,0_5
55.676213,12.588362,1,219007898,1_5
55.67736,12.580787,1,219017717,1_5
55.677377,12.580722,1,219005252,1_5
55.67742,12.580777,1,219012277,1_5
55.678022,12.59287,1,219002857,1_5
55.679045,12.59447,1,219026305,1_5
55.679072,12.594457,1,219026304,1_5
55.679123,12.594485,1,219026301,1_5
55.679485,12.585232,1,970258597,1_5
55.680172,12.589032,1,219022282,1_5
55.681483,12.596102,1,211211230,1_5
55.676213,11.017968,2,244678000,2_5
55.677148,11.026373,2,219023833,2_5
55.676955,12.638242,3,244870327,3_5
55.677117,12.647283,3,245455000,3_5
55.677453,12.634987,3,265724260,3_5
55.678692,12.635335,3,219026071,3_5
55.678933,12.635173,3,219004907,3_5
55.679105,12.643403,3,244641000,3_5
55.685117,12.63876,3,636018750,3_5
55.678968,12.608723,4,219018722,4_5
55.678968,12.593468,4,219002857,4_5
55.679053,12.59444,4,219026305,4_5
55.679122,12.594405,4,219026304,4_5
55.681483,12.596102,4,211211230,4_5
55.681655,12.598998,4,219026301,4_5
55.682178,12.603065,4,219024777,4_5
55.682693,12.597508,4,219005252,4_5
55.682752,12.597393,4,219017717,4_5
55.684675,12.608873,4,219031279,4_5
55.687198,12.613748,4,265788680,4_5
55.687482,12.605443,4,219000177,4_5
55.685885,12.630948,5,244642000,5_5
55.686025,12.63376,5,219027899,5_5
55.686485,12.632855,5,255806471,5_5
55.686608,12.623425,5,219030047,5_5
55.687032,12.63611,5,231846000,5_5
55.687093,12.634813,5,563070700,5_5
55.687482,12.624885,5,219007937,5_5
55.68788,12.623715,5,219001362,5_5
55.687982,12.622652,5,219002801,5_5
55.68799,12.62278,5,219002798,5_5
55.68805,12.624732,5,219001619,5_5
55.688328,12.623173,5,219025528,5_5
55.688368,12.619165,5,244750462,5_5
55.688388,12.620085,5,219031690,5_5
55.688463,12.623983,5,219019441,5_5
55.688472,12.61812,5,219014538,5_5
55.68854,12.616122,5,219027790,5_5
55.688615,12.618812,5,219015013,5_5
55.688708,12.61803,5,219028507,5_5
55.688837,12.618183,5,219027868,5_5
55.688908,12.618833,5,219003461,5_5
55.68896,12.618842,5,219023018,5_5
55.689027,12.617975,5,219020900,5_5
55.689273,12.620025,5,219019907,5_5
55.689573,12.623163,5,219018684,5_5
55.689997,12.624095,5,230129310,5_5
55.686768,12.59958,6,231846000,6_5
55.687198,12.613748,6,265788680,6_5
55.687482,12.605443,6,219000177,6_5
55.687542,12.615112,6,219002846,6_5
55.68805,12.599692,6,219026305,6_5
55.688058,12.59965,6,219026301,6_5
55.688083,12.599718,6,219026304,6_5
55.688802,12.614678,6,219022736,6_5
55.68898,12.599045,6,219031896,6_5
55.689147,12.613852,6,219017202,6_5
55.689167,12.59917,6,219005574,6_5
55.693817,12.599865,6,265798780,6_5
55.69466,12.607402,7,219014727,7_5
55.694935,12.612095,7,219001375,7_5
55.695057,12.612125,7,219006387,7_5
55.69507,12.613368,7,219014266,7_5
55.695148,12.6124,7,219007035,7_5
55.695215,12.612772,7,219006078,7_5
55.695265,12.611913,7,219006221,7_5
55.695325,12.61238,7,219004695,7_5
55.695402,12.61144,7,219006008,7_5
55.695433,12.61169,7,219017717,7_5
55.695438,12.611478,7,219006006,7_5
55.695498,12.6109,7,219012277,7_5
55.695552,12.611093,7,219005252,7_5
55.695728,12.612768,7,219005574,7_5
55.695857,12.612398,7,219007693,7_5
55.6959,12.610733,7,219000632,7_5
55.696017,12.607838,7,219026305,7_5
55.696502,12.60799,7,219026304,7_5
55.69672,12.607978,7,219026301,7_5
55.696967,12.608088,7,219026300,7_5
55.69725,12.613717,7,2190047,7_5
55.698748,12.618743,7,219002801,7_5
55.698783,12.618973,7,219002798,7_5
55.698843,12.6187,7,219020533,7_5
55.697772,12.629862,8,219019441,8_5
55.697772,12.627423,8,219020533,8_5
55.697777,12.627005,8,210350000,8_5
55.697813,12.630115,8,219025528,8_5
55.697845,12.627495,8,219002801,8_5
55.69797,12.629725,8,219002798,8_5
55.697973,12.635308,8,244645000,8_5
55.69807,12.63579,8,230942970,8_5
55.698703,12.637647,8,244641000,8_5
55.701743,12.642652,8,219003121,8_5
55.699032,12.593047,9,219014727,9_5
55.702225,12.597527,9,219592000,9_5
55.701667,9.55,10,219026346,10_5
55.703135,9.562755,10,219014818,10_5
55.704062,9.558385,10,244613000,10_5
55.705953,9.559348,10,219024678,10_5
55.706427,9.543867,10,220068000,10_5
55.706467,9.54337,10,219018526,10_5
55.706853,9.556908,10,219030764,10_5
55.70748,9.55881,10,219017288,10_5
55.702805,12.643437,11,219002798,11_5
55.707093,12.646968,11,219025528,11_5
55.707195,12.646747,11,219019441,11_5
55.710913,12.64297,11,219027309,11_5
55.704015,12.61396,12,219001362,12_5
55.707082,12.61303,12,219020533,12_5
55.707103,12.6132,12,219002801,12_5
55.710497,12.603833,12,305287000,12_5
55.710603,12.603233,12,231846000,12_5
55.712175,12.61746,12,219024675,12_5
55.707963,12.599257,13,219008904,13_5
55.710282,12.591807,13,219004634,13_5
55.710487,12.599428,13,231846000,13_5
55.710497,12.603833,13,305287000,13_5
55.71143,12.601362,13,219024675,13_5
55.711562,12.59623,13,219026305,13_5
55.711582,12.596243,13,219026301,13_5
55.711615,12.596158,13,219026304,13_5
55.712477,12.588565,13,219000575,13_5
55.713332,12.589825,13,219004407,13_5
55.715803,12.592873,13,211787120,13_5
55.712565,12.632902,14,230138770,14_5
55.712638,12.633018,14,230129310,14_5
55.712642,12.618748,14,231846000,14_5
55.712745,12.633748,14,219007693,14_5
55.71277,12.632518,14,230942970,14_5
55.712812,12.632613,14,244645000,14_5
55.716123,12.628838,14,219027899,14_5
55.71754,12.630103,14,563070700,14_5
55.718093,12.630812,14,219024675,14_5
55.713713,10.018275,15,257898920,15_5
55.714272,10.018098,15,271001075,15_5
55.715147,10.016115,15,219023737,15_5
55.715452,10.018112,15,219032368,15_5
55.717142,10.009165,15,219000184,15_5
55.71475,4.747433,16,992191528,16_5
55.715667,4.7485,16,992191527,16_5
55.716383,4.75005,16,992191526,16_5
55.716108,12.592452,17,211787120,17_5
55.719077,12.600987,17,219006564,17_5
55.720138,12.601742,17,219008904,17_5
55.720302,12.59891,17,219029210,17_5
55.721692,12.6043,17,219006177,17_5
55.7186,4.795833,18,992191539,18_5
55.718633,4.793233,18,992191538,18_5
55.719217,4.797933,18,992191523,18_5
55.720383,4.799933,18,992191524,18_5
55.721317,4.80165,18,992191522,18_5
55.7206,11.709438,19,219003232,19_5
55.720723,11.714872,19,219023617,19_5
55.720783,11.71423,19,219024955,19_5
55.721037,11.708678,19,219003141,19_5
55.7224,11.761522,20,219023043,20_5
55.722513,11.760817,20,219031724,20_5
55.723982,12.602083,21,219024144,21_5
55.726137,12.587758,21,219029348,21_5
55.726233,12.587943,21,211349640,21_5
55.726625,12.587177,21,232050936,21_5
55.726218,12.585762,22,219022526,22_5
55.726218,12.587775,22,219029348,22_5
55.726233,12.587943,22,211349640,22_5
55.726263,12.586537,22,219031529,22_5
55.726345,12.585808,22,244153423,22_5
55.72635,12.58598,22,219029444,22_5
55.726625,12.587177,22,232050936,22_5
55.72679,12.585673,22,219032359,22_5
55.753943,11.32607,23,219000584,23_5
55.754032,11.323182,23,219000988,23_5
55.754077,11.32562,23,219000899,23_5
55.754667,11.323463,23,219013667,23_5
55.758872,12.6006,24,219028243,24_5
55.759613,12.602245,24,219017412,24_5
55.759622,12.60169,24,219009871,24_5
55.760005,12.603495,24,219029637,24_5
55.760127,12.603555,24,257058100,24_5
55.76047,12.603513,24,219022389,24_5
55.760537,12.603495,24,219022390,24_5
55.760678,12.601828,24,219025371,24_5
55.760822,12.600643,24,219000189,24_5
55.760833,12.601,24,219014219,24_5
55.762748,12.601103,24,219031192,24_5
55.766867,4.6473,25,219786000,25_5
55.767517,4.6483,25,992191518,25_5
55.821518,10.051882,26,219025774,26_5
55.821535,10.052408,26,219009081,26_5
55.821875,10.052278,26,219003113,26_5
55.821983,10.05255,26,219016689,26_5
55.822163,10.052283,26,219001182,26_5
55.822193,10.063763,26,219024794,26_5
55.82226,10.052787,26,219000781,26_5
55.822763,10.051708,26,219024831,26_5
55.822825,10.052375,26,219003656,26_5
55.822835,10.051647,26,219015332,26_5
55.824537,11.737478,27,219000121,27_5
55.825518,11.733172,27,219024652,27_5
55.849848,12.574118,28,219033674,28_5
55.849872,12.574308,28,219030768,28_5
55.85057,12.572015,28,219011448,28_5
55.850908,12.57419,28,219027576,28_5
55.853952,12.832252,29,265054000,29_5
55.855483,12.83375,29,265756000,29_5
55.855667,12.83325,29,265952000,29_5
55.855817,12.8303,29,219945000,29_5
55.85976,12.835192,29,218800000,29_5
55.860678,12.8284,29,314218000,29_5
55.855138,9.873177,30,255915683,30_5
55.858348,9.859228,30,219024814,30_5
55.858548,9.858825,30,219016645,30_5
55.85884,12.850852,31,265591210,31_5
55.859115,12.84979,31,265060520,31_5
55.85976,12.835192,31,218800000,31_5
55.860687,12.851087,31,265701610,31_5
55.86412,12.826625,32,305167000,32_5
55.865415,12.825433,32,265698740,32_5
55.865883,12.824883,32,265527020,32_5
55.866357,12.823663,32,265524530,32_5
55.866547,12.823357,32,230692000,32_5
55.866667,12.823248,32,265572330,32_5
55.86743,12.823438,32,265806660,32_5
55.8678,12.823793,32,265797590,32_5
55.864578,10.548998,33,219000734,33_5
55.865418,10.548535,33,219026261,33_5
55.883955,12.548453,34,219024705,34_5
55.88481,12.546635,34,219027828,34_5
55.886125,12.547575,34,219033187,34_5
55.886232,12.547307,34,219023030,34_5
55.903483,12.722332,35,265675230,35_5
55.903713,12.722678,35,265698740,35_5
55.909923,10.25463,36,219015532,36_5
55.909927,10.253642,36,219033214,36_5
55.90994,10.253662,36,219029177,36_5
55.909952,10.255603,36,219003383,36_5
55.910118,10.25581,36,219023467,36_5
55.910778,10.253843,36,219029338,36_5
55.910953,10.256047,36,219022352,36_5
55.911857,10.258978,36,219000762,36_5
55.912113,10.259163,36,219000734,36_5
55.912433,10.2599,36,219019887,36_5
55.91308,11.673628,37,219026457,37_5
55.913112,11.673735,37,219002269,37_5
55.915188,11.66938,37,219029386,37_5
55.938817,12.526525,38,219008234,38_5
55.93955,12.52867,38,219007862,38_5
55.939833,12.525905,38,219015336,38_5
55.941667,11.866667,39,219016223,39_5
55.942167,11.865272,39,219018998,39_5
55.9422,11.866422,39,219027804,39_5
55.957873,11.847928,40,231048000,40_5
55.961243,11.845202,40,219020398,40_5
55.962723,11.845252,40,219021388,40_5
55.963067,11.84398,40,219023312,40_5
55.963087,11.847822,40,219025740,40_5
55.963155,11.847523,40,219009183,40_5
55.963207,11.84731,40,220205000,40_5
55.963217,11.846733,40,219008474,40_5
55.963282,11.846502,40,219026595,40_5
55.963303,11.846202,40,220352000,40_5
55.963333,11.845,40,219029112,40_5
55.963443,11.848028,40,219002602,40_5
55.963558,11.84334,40,219032811,40_5
55.963635,11.84336,40,219024702,40_5
55.963837,11.845307,40,219021266,40_5
55.96532,11.84586,40,211376820,40_5
55.965518,11.842667,40,220432000,40_5
55.96575,11.84459,40,219017815,40_5
55.966147,11.844582,40,219000245,40_5
55.966428,11.843268,40,219000159,40_5
55.960508,12.01314,41,209968000,41_5
55.962677,12.01402,41,341810000,41_5
55.964718,12.000812,41,219025274,41_5
55.964883,12.001828,41,219009412,41_5
55.972083,11.370682,42,219023648,42_5
55.972112,11.37055,42,219033013,42_5
55.972148,11.37069,0,219023648,0_6
55.972148,11.370555,0,219033013,0_6
55.972182,11.368482,0,219024604,0_6
55.97229,11.367738,0,219016615,0_6
55.972437,11.368572,0,219030656,0_6
55.972488,11.368645,0,185476224,0_6
55.972697,11.366762,0,219006331,0_6
55.973868,11.29952,1,219705000,1_6
55.97393,11.299648,1,219018172,1_6
55.97396,11.299573,1,219022903,1_6
55.991453,12.743303,2,265772310,2_6
55.991855,12.74661,2,265712190,2_6
55.993142,12.744378,2,265522730,2_6
55.99324,12.744427,2,265754450,2_6
55.994148,12.74339,2,265023550,2_6
55.99464,12.743808,2,265725520,2_6
55.997943,8.133628,3,219024651,3_6
55.998587,8.128703,3,219023521,3_6
55.99908,8.129602,3,219009763,3_6
55.999175,8.129287,3,219009042,3_6
55.999533,8.129,3,219018493,3_6
55.999778,8.129583,3,219027988,3_6
55.999935,8.123938,3,235003400,3_6
56.00004,8.124327,3,235008380,3_6
56.000188,8.12345,3,261004881,3_6
56.000195,8.124113,3,219922000,3_6
56.000433,8.13088,3,219001039,3_6
56.000465,8.128875,3,219002786,3_6
56.00049,8.1247,3,219862000,3_6
56.000512,8.124717,3,220283000,3_6
56.000523,8.12467,3,220623000,3_6
56.000895,8.131197,3,219011224,3_6
56.000912,8.130297,3,219014012,3_6
56.000925,8.125278,3,261003012,3_6
56.001052,8.125745,3,219000186,3_6
56.00108,8.131898,3,235074473,3_6
56.001137,8.13121,3,219034015,3_6
56.001158,8.13088,3,219460000,3_6
56.001247,8.127578,3,219014519,3_6
56.00128,8.127597,3,219017784,3_6
56.001282,8.131067,3,219034014,3_6
56.00296,8.12193,3,219034345,3_6
56.003978,8.123163,3,219021428,3_6
56.004103,8.123677,3,220383000,3_6
56.004763,8.123168,3,219001181,3_6
56.001232,8.117498,4,219313000,4_6
56.001232,8.131317,4,219034015,4_6
56.001232,8.130912,4,219460000,4_6
56.001232,8.130345,4,219011224,4_6
56.001238,8.131628,4,235074473,4_6
56.001247,8.127578,4,219014519,4_6
56.001282,8.131067,4,219034014,4_6
56.001283,8.127597,4,219017784,4_6
56.001798,8.126963,4,219027988,4_6
56.00296,8.121933,4,219034345,4_6
56.003353,8.124213,4,219862000,4_6
56.00362,8.121277,4,261003012,4_6
56.003678,8.121248,4,261004881,4_6
56.003722,8.122813,4,220623000,4_6
56.00389,8.123597,4,219922000,4_6
56.003978,8.123163,4,219021428,4_6
56.00406,8.124017,4,220283000,4_6
56.004105,8.123672,4,220383000,4_6
56.004625,8.122582,4,219031087,4_6
56.004767,8.123308,4,219001181,4_6
56.005118,8.121763,4,219001275,4_6
56.005207,8.122408,4,219018636,4_6
56.005228,8.1216,4,219034290,4_6
56.005442,8.122297,4,219024698,4_6
56.005595,8.120237,4,219002838,4_6
56.022698,12.688677,5,219027899,5_6
56.025415,12.700827,5,265182000,5_6
56.02847,12.69386,5,265504690,5_6
56.02866,12.69362,5,220476000,5_6
56.028817,12.69299,5,265504660,5_6
56.028897,12.694198,5,305411000,5_6
56.029607,12.691902,5,305540000,5_6
56.032592,12.617425,6,219622000,6_6
56.032593,12.617408,6,265041000,6_6
56.032608,12.617402,6,219230000,6_6
56.033862,12.616662,6,219000368,6_6
56.033897,12.615683,6,219014974,6_6
56.034467,12.615983,6,219024336,6_6
56.036817,12.61569,6,219002955,6_6
56.03717,12.615263,6,219002956,6_6
56.037445,12.614995,6,219006478,6_6
56.038177,12.617218,6,219012275,6_6
56.0405,12.613692,6,219031891,6_6
56.041642,12.613242,7,219001214,7_6
56.041657,12.6134,7,219019621,7_6
56.041675,12.613153,7,219005904,7_6
56.042038,12.613568,7,219030580,7_6
56.042248,12.612498,7,219025821,7_6
56.043118,12.614088,7,219018733,7_6
56.043145,12.612922,7,219025067,7_6
56.042517,12.68785,8,265041000,8_6
56.043175,12.691098,8,219622000,8_6
56.043233,12.691138,8,219230000,8_6
56.043748,12.69066,8,219000368,8_6
56.044717,12.687713,8,265504660,8_6
56.04474,12.687913,8,265504690,8_6
56.045167,12.69157,8,219014974,8_6
56.045592,12.686908,8,220476000,8_6
56.045912,12.686673,8,219027899,8_6
56.049538,12.684692,8,265563720,8_6
56.099395,15.473945,9,265631550,9_6
56.100885,15.475255,9,265605850,9_6
56.102727,15.474918,9,265820810,9_6
56.125772,12.313328,10,219017327,10_6
56.125975,12.309073,10,219007314,10_6
56.126052,12.311325,10,219385000,10_6
56.126128,12.309713,10,219008361,10_6
56.126182,12.30936,10,219028878,10_6
56.126242,12.309087,10,219005969,10_6
56.12629,12.31017,10,219001624,10_6
56.126297,12.312097,10,219032031,10_6
56.126333,12.309333,10,219012302,10_6
56.126428,12.311278,10,312994000,10_6
56.126432,12.309038,10,219015418,10_6
56.126557,12.310213,10,219005385,10_6
56.126693,12.310058,10,258027740,10_6
56.126733,12.30999,10,219024815,10_6
56.126805,12.308997,10,219005921,10_6
56.126807,12.310908,10,219029576,10_6
56.126845,12.309968,10,219002998,10_6
56.126965,12.309102,10,219000897,10_6
56.126982,12.309293,10,219002409,10_6
56.127043,12.309707,10,219001604,10_6
56.127043,12.310147,10,220076000,10_6
56.127077,12.310288,10,219004128,10_6
56.127348,12.309865,10,220336000,10_6
56.127497,12.30948,10,220356000,10_6
56.127642,12.308985,10,219004203,10_6
56.128095,12.308208,10,219000611,10_6
56.128188,12.308915,10,219024177,10_6
56.137253,10.213035,11,219021119,11_6
56.138165,10.215252,11,219008177,11_6
56.139205,10.216748,11,219030216,11_6
56.143615,10.224307,11,212900000,11_6
56.143668,10.224377,12,212900000,12_6
56.147542,10.21617,12,314475000,12_6
56.147958,10.224147,12,248483000,12_6
56.148733,10.224517,12,219005477,12_6
56.149813,10.219492,12,246354000,12_6
56.150342,10.215375,12,220068000,12_6
56.150825,10.2159,12,219000175,12_6
56.151118,10.2208,12,228442700,12_6
56.150458,10.690875,13,219025236,13_6
56.150933,10.689237,13,219031366,13_6
56.151543,10.690058,13,219018456,13_6
56.151295,10.235113,14,219029751,14_6
56.151367,10.236067,14,210167000,14_6
56.1531,10.2384,14,219836000,14_6
56.154067,10.239717,14,219002416,14_6
56.154637,10.242032,14,305411000,14_6
56.155455,10.224232,14,219030184,14_6
56.152087,10.254608,15,219022903,15_6
56.152095,10.254528,15,219705000,15_6
56.152155,10.251622,15,219005313,15_6
56.152333,10.251517,15,219005477,15_6
56.15266,10.253458,15,219018172,15_6
56.154067,10.239717,15,219002416,15_6
56.154637,10.242032,15,305411000,15_6
56.154723,10.261083,15,219026261,15_6
56.15366,10.217255,16,219002416,16_6
56.153982,10.217738,16,219029751,16_6
56.154023,10.215365,16,219026261,16_6
56.154195,10.214417,16,219003879,16_6
56.154323,10.214757,16,219003249,16_6
56.155455,10.224232,16,219030184,16_6
56.15641,10.214585,16,219003485,16_6
56.15488,15.57733,17,265015000,17_6
56.155017,15.584108,17,265549210,17_6
56.155338,14.82648,18,229399000,18_6
56.156197,14.828962,18,265619980,18_6
56.156702,14.818368,18,311001602,18_6
56.15883,14.816315,18,209764000,18_6
56.161433,15.631945,19,268246900,19_6
56.168208,15.631523,19,257016000,19_6
56.161495,10.240237,20,219030184,20_6
56.164113,10.241045,20,219026261,20_6
56.164495,10.219175,21,219015161,21_6
56.164692,10.222447,21,219025783,21_6
56.169198,10.222997,21,219020587,21_6
56.19916,12.546037,22,265527470,22_6
56.199187,12.546298,22,265828500,22_6
56.207773,10.287182,23,219028066,23_6
56.207962,10.286107,23,219027506,23_6
56.208547,10.28632,23,219011894,23_6
56.20884,10.286153,23,219029769,23_6
56.267827,12.839872,24,265787380,24_6
56.26823,12.839617,24,265781150,24_6
56.34425,4.272,0,2194005,0_7
56.3447,4.271983,0,992191515,0_7
56.34499,4.270668,0,219449000,0_7
56.355215,8.110017,1,219965000,1_7
56.35575,8.107698,1,246058000,1_7
56.3665,8.121405,2,219007456,2_7
56.367023,8.121277,2,219016966,2_7
56.367042,8.12146,2,220100000,2_7
56.367068,8.120445,2,219007234,2_7
56.368312,8.121465,2,219005901,2_7
56.368555,8.121323,2,220622000,2_7
56.368757,8.121055,2,220181000,2_7
56.368963,8.120768,2,219868000,2_7
56.370373,8.120018,2,219798000,2_7
56.371583,8.124147,2,219029700,2_7
56.403438,10.924767,3,219003826,3_7
56.404318,10.927268,3,219016759,3_7
56.404793,10.923858,3,219027290,3_7
56.405082,10.925598,3,219030504,3_7
56.405325,10.923552,3,219032300,3_7
56.408157,10.922728,3,219871000,3_7
56.40826,10.92367,3,219004242,3_7
56.408605,10.921848,3,219006598,3_7
56.408653,10.923685,3,219031740,3_7
56.408737,10.923688,3,219002661,3_7
56.408795,10.925052,3,219029706,3_7
56.408868,10.925793,3,219002731,3_7
56.40896,10.921857,3,219012639,3_7
56.409017,10.92234,3,219018865,3_7
56.409128,10.925055,3,219024784,3_7
56.40915,10.92765,3,265859000,3_7
56.409225,10.925467,3,219002769,3_7
56.409493,10.924003,3,219015233,3_7
56.40973,10.923613,3,219007835,3_7
56.409837,10.923618,3,219016873,3_7
56.410085,10.924618,3,219018044,3_7
56.410383,10.922823,3,219033041,3_7
56.411097,10.924395,3,230692000,3_7
56.411232,10.925177,3,219029904,3_7
56.412432,10.92143,4,219007362,4_7
56.413,10.923,4,244724000,4_7
56.413333,10.922667,4,244723000,4_7
56.414083,10.922725,4,219001647,4_7
56.415218,10.921782,4,219006091,4_7
56.416797,10.928585,4,305198000,4_7
56.417153,10.929143,4,257740000,4_7
56.418692,10.930548,4,548652000,4_7
56.458333,10.0435,5,305804000,5_7
56.459453,10.055895,5,250014107,5_7
56.459787,10.045917,5,219000554,5_7
56.459988,10.048817,5,244054000,5_7
56.460025,10.057997,5,636018620,5_7
56.477667,4.903833,6,219113000,6_7
56.482053,4.910555,6,219438000,6_7
56.477767,4.924433,7,219113000,7_7
56.482057,4.910572,7,219438000,7_7
56.48307,7.979908,8,219313000,8_7
56.4853,7.995497,8,219027308,8_7
56.49228,8.598803,9,219012175,9_7
56.49302,8.598607,9,219001211,9_7
56.49416,8.60212,9,219000166,9_7
56.530067,8.166947,10,2190066,10_7
56.534658,8.167802,10,9137005,10_7
56.531555,11.231367,11,246777000,11_7
56.53166,11.232547,11,219018044,11_7
56.532873,10.71428,12,219007781,12_7
56.533193,10.71147,12,219029555,12_7
56.533613,10.713782,12,219003369,12_7
56.53392,10.712015,12,219005659,12_7
56.53395,10.712867,12,220099000,12_7
56.534067,10.710677,12,220114000,12_7
56.534277,10.710795,12,219007078,12_7
56.55116,8.306072,13,219015427,13_7
56.551263,8.302872,13,220053927,13_7
56.551602,8.308723,13,219004266,13_7
56.551743,8.304698,13,219031777,13_7
56.551783,8.305275,13,219022081,13_7
56.551965,11.187672,14,246777000,14_7
56.552415,11.18688,14,219016873,14_7
56.575393,9.05179,15,219031164,15_7
56.575422,9.051542,15,219029468,15_7
56.57573,9.051423,15,219015443,15_7
56.607247,10.302222,16,219008746,16_7
56.6073,10.302655,16,219026147,16_7
56.651333,12.848033,17,219543000,17_7
56.651767,12.848853,17,219014875,17_7
56.652483,12.851717,17,265859000,17_7
56.65281,12.848457,17,355444000,17_7
56.653603,12.853503,17,265608060,17_7
56.65392,12.853812,17,992651019,17_7
56.657273,12.856892,17,374395000,17_7
56.657595,12.858837,17,246061000,17_7
56.658433,12.853588,17,636024909,17_7
56.651382,8.635965,18,219004432,18_7
56.651685,8.636248,18,219004431,18_7
56.6616,12.85636,19,219014875,19_7
56.662122,12.856693,19,231848000,19_7
56.662485,12.857273,19,265608060,19_7
56.671007,8.222077,20,211686000,20_7
56.671415,8.213257,20,219029708,20_7
56.672368,8.234283,20,219033326,20_7
56.672535,8.222753,20,219004355,20_7
56.672598,8.222663,20,219030113,20_7
56.677197,8.227413,20,245215000,20_7
56.680842,8.230303,21,249127000,21_7
56.680863,8.232678,21,244116000,21_7
56.681713,8.231297,21,211686000,21_7
56.683478,8.231795,21,219024185,21_7
56.683703,8.226542,21,219033326,21_7
56.683853,8.225862,21,219026749,21_7
56.692302,8.223822,22,219029708,22_7
56.692382,8.22215,22,259040100,22_7
56.692572,8.220293,22,219001588,22_7
56.692917,8.219972,22,219329000,22_7
56.693358,8.222908,22,219794000,22_7
56.693642,8.222087,22,220490000,22_7
56.693752,8.222773,22,219015382,22_7
56.694402,8.219093,22,219020920,22_7
56.694975,8.21855,22,219010979,22_7
56.695332,8.219223,22,219025535,22_7
56.697257,8.218427,22,219921000,22_7
56.697648,8.234363,22,219014011,22_7
56.697778,8.215483,22,219000581,22_7
56.698113,8.219508,22,219923000,22_7
56.698827,8.218862,22,219028965,22_7
56.698972,8.217965,22,219015604,22_7
56.699135,8.218075,22,219006024,22_7
56.701105,8.220487,22,219019012,22_7
56.693188,8.24223,23,219024185,23_7
56.697865,8.234723,23,219014011,23_7
56.699878,8.232102,23,219794000,23_7
56.700967,8.218743,24,231880000,24_7
56.701108,8.220227,24,219029708,24_7
56.701108,8.2203,24,219019012,24_7
56.701298,8.220235,24,219921000,24_7
56.701497,8.22249,24,219006382,24_7
56.701517,8.221003,24,219000775,24_7
56.701635,8.218337,24,219941000,24_7
56.701712,8.223023,24,219028268,24_7
56.701778,8.224708,24,219030113,24_7
56.701825,8.224608,24,219004355,24_7
56.701915,8.222968,24,219027310,24_7
56.702667,8.22067,24,219014161,24_7
56.702753,8.221378,24,219793000,24_7
56.70278,8.222062,24,219025535,24_7
56.702815,8.22218,24,219028794,24_7
56.702887,8.222652,24,219015103,24_7
56.703548,8.22454,24,211452000,24_7
56.703865,8.224402,24,211234500,24_7
56.704663,8.222897,24,219015321,24_7
56.704688,8.223175,24,219006552,24_7
56.704757,8.223775,24,219017896,24_7
56.705013,8.22146,24,235078256,24_7
56.705133,8.221583,24,219008089,24_7
56.705442,8.22146,24,235081865,24_7
56.705667,8.223295,24,219026119,24_7
56.708833,9.175,25,220000054,25_7
56.709168,9.174592,25,219013609,25_7
56.713358,10.113723,26,219026459,26_7
56.716613,10.125077,26,219015497,26_7
56.71569,11.512502,27,220304000,27_7
56.715758,11.511353,27,219002731,27_7
56.715907,11.510473,27,219031428,27_7
56.716518,11.519038,27,2190064,27_7
56.75793,8.887452,28,219024330,28_7
56.758167,8.88723,28,219030054,28_7
56.758275,8.887428,28,219034229,28_7
56.763882,8.863575,29,219006284,29_7
56.76405,8.864732,29,219029422,29_7
56.76416,8.864478,29,219005887,29_7
56.764183,8.863142,29,219006283,29_7
56.76443,8.8637,29,219006389,29_7
56.776892,8.253523,30,219034334,30_7
56.777557,8.256037,30,219026816,30_7
56.785877,8.875713,31,219004179,31_7
56.787528,8.874748,31,219010246,31_7
56.787907,8.875628,31,219006281,31_7
56.793023,8.864837,32,219014753,32_7
56.793052,8.864167,32,219020125,32_7
56.793113,8.86418,32,219014948,32_7
56.79469,8.864095,32,219023664,32_7
56.794767,8.863762,32,219005886,32_7
56.794787,8.864083,0,219023664,0_8
56.794793,8.863817,0,219005886,0_8
56.794988,8.863818,0,219002686,0_8
56.795127,8.866112,0,219005827,0_8
56.795282,8.865252,0,219020188,0_8
56.795413,8.86431,0,219009414,0_8
56.795432,8.864772,0,219020187,0_8
56.800073,9.025,1,219005827,1_8
56.800378,9.025472,1,219000859,1_8
56.80364,9.020138,1,219005826,1_8
56.803807,9.023367,1,219016683,1_8
56.88394,8.630222,2,555555555,2_8
56.884688,8.63558,2,219017009,2_8
56.887947,12.473092,3,304953000,3_8
56.888067,12.474,3,992651028,3_8
56.888117,12.474767,3,992651027,3_8
56.88897,12.478368,3,209336000,3_8
56.889485,12.479965,3,246684000,3_8
56.890292,12.48247,3,636024906,3_8
56.891562,12.486553,3,244090800,3_8
56.891568,12.486642,3,244234000,3_8
56.891853,12.488905,4,265513270,4_8
56.89199,12.489285,4,265523240,4_8
56.892693,12.488462,4,246697000,4_8
56.892998,12.488277,4,265610940,4_8
56.89334,12.489388,4,219027299,4_8
56.89354,12.489585,4,219027298,4_8
56.894588,12.491458,4,244234000,4_8
56.929113,12.352207,5,265621060,5_8
56.929118,12.352492,5,266381000,5_8
56.929128,12.35171,5,266139000,5_8
56.929202,12.351502,5,265588470,5_8
56.953772,8.694392,6,220276000,6_8
56.953853,8.694215,6,219000187,6_8
56.95853,8.366183,7,219007457,7_8
56.959292,8.36776,7,219014096,7_8
56.968082,9.247027,8,219031520,8_8
56.970618,9.258,8,219001262,8_8
56.986135,10.302907,9,219000872,9_8
56.98947,10.309943,9,219026522,9_8
56.990175,10.308227,9,219015583,9_8
56.990733,10.308735,9,219001211,9_8
56.991122,10.306797,9,219023731,9_8
56.991313,10.30659,9,219015791,9_8
56.991337,10.308667,9,219000873,9_8
56.991387,10.309058,9,219032344,9_8
56.991617,10.308413,9,219001013,9_8
57.047412,10.054468,10,218816000,10_8
57.048455,10.052263,10,219001236,10_8
57.048552,10.052372,10,219012563,10_8
57.048557,10.053028,10,219001083,10_8
57.049022,10.064375,10,219164000,10_8
57.053367,10.062623,10,219001211,10_8
57.052737,9.95847,11,219000552,11_8
57.053013,9.958897,11,219005474,11_8
57.058815,9.96492,11,219001083,11_8
57.055153,9.873183,12,219000875,12_8
57.057098,9.87695,12,219033608,12_8
57.058932,9.882055,12,219015127,12_8
57.0569,9.899833,13,219025737,13_8
57.057332,9.897888,13,219022828,13_8
57.057437,9.897537,13,219023054,13_8
57.057448,9.900697,13,219016983,13_8
57.057633,9.891717,13,219032996,13_8
57.057645,9.899772,13,219024990,13_8
57.05769,9.894525,13,219022124,13_8
57.057792,9.894625,13,912191373,13_8
57.057857,9.903955,13,219010764,13_8
57.057932,9.894018,13,219010706,13_8
57.058032,9.895865,13,219026536,13_8
57.058073,9.895618,13,219013609,13_8
57.058152,9.895115,13,219029714,13_8
57.058328,9.894845,13,219018851,13_8
57.05849,9.897508,13,219000692,13_8
57.058633,9.897355,13,219014399,13_8
57.05874,9.895058,13,219024915,13_8
57.058578,12.270308,14,265703000,14_8
57.058673,12.270857,14,266166000,14_8
57.058788,12.273835,14,266163000,14_8
57.058792,12.274388,14,265044960,14_8
57.058795,12.274088,14,265031100,14_8
57.058822,12.27135,14,266332000,14_8
57.058835,12.273273,14,265502370,14_8
57.05885,12.272717,14,266319000,14_8
57.05888,12.273005,14,266160000,14_8
57.058942,12.272507,14,266057000,14_8
57.059137,12.273852,14,266365000,14_8
57.059163,12.273643,14,266394000,14_8
57.064228,9.970692,15,209525000,15_8
57.065523,9.971697,15,209536000,15_8
57.066602,9.973275,15,245184000,15_8
57.068468,9.97439,15,209671000,15_8
57.108682,12.2429,16,265570730,16_8
57.109578,12.241465,16,265704020,16_8
57.109752,12.245077,16,265518160,16_8
57.11495,12.245933,16,244178000,16_8
57.11634,12.239683,16,257091890,16_8
57.11724,12.237918,16,259143000,16_8
57.117122,8.591367,17,211789180,17_8
57.11714,8.590638,17,220257000,17_8
57.117308,8.590725,17,257088050,17_8
57.11747,8.591915,17,211789170,17_8
57.117857,8.590162,17,219024411,17_8
57.118315,8.594228,17,219023588,17_8
57.1184,8.595128,17,219709000,17_8
57.11851,8.595225,17,220182000,17_8
57.11858,8.595397,17,218162000,17_8
57.118712,8.59299,17,219959000,17_8
57.11958,8.591877,17,219015186,17_8
57.120432,8.599018,17,219829000,17_8
57.120633,8.600237,17,219005671,17_8
57.120683,8.601383,17,219018486,17_8
57.120747,8.599437,17,219996000,17_8
57.120782,8.597972,17,219001587,17_8
57.120792,8.600088,17,219030200,17_8
57.120797,8.597985,17,219007404,17_8
57.120813,8.601048,17,219944000,17_8
57.120865,8.600722,17,219010487,17_8
57.120898,8.597858,17,219005953,17_8
57.120943,8.600933,17,219000934,17_8
57.120953,8.599903,17,219007967,17_8
57.120988,8.597737,17,219002136,17_8
57.121268,8.603027,17,220071000,17_8
57.12128,8.601048,17,219000827,17_8
57.121298,8.60405,17,219013968,17_8
57.121318,8.599508,17,219004307,17_8
57.121518,8.599225,17,219005929,17_8
57.121608,8.599205,17,219005931,17_8
57.12165,8.600832,17,219005513,17_8
57.12168,8.59918,17,219007925,17_8
57.122033,8.598667,17,219010247,17_8
57.122137,8.600798,17,219005893,17_8
57.12216,8.59192,17,219244000,17_8
57.122165,8.598555,17,219001569,17_8
57.122317,8.600553,17,219004259,17_8
57.122375,8.599887,17,219837000,17_8
57.122422,8.600505,17,219014162,17_8
57.122433,8.602032,17,219010818,17_8
57.122587,8.596407,17,219024924,17_8
57.122797,8.601612,17,219031866,17_8
57.122847,8.599393,17,219005909,17_8
57.122973,8.597855,17,219007401,17_8
57.12304,8.599775,17,219005763,17_8
57.12314,8.599693,17,219011885,17_8
57.123715,8.600525,17,219005454,17_8
57.117257,12.237828,18,259143000,18_8
57.117845,12.22619,18,265029730,18_8
57.125672,8.602935,19,255806433,19_8
57.125673,8.602182,19,219007401,19_8
57.139315,9.127232,20,219006622,20_8
57.139375,9.127078,20,219029699,20_8
57.240297,12.112212,21,266143000,21_8
57.24051,12.112082,21,266169000,21_8
57.296082,10.925,22,219005453,22_8
57.296613,10.921333,22,219000407,22_8
57.320097,11.12432,23,219004616,23_8
57.320463,11.123423,23,220341000,23_8
57.320545,11.125117,23,220092000,23_8
57.320565,11.123895,23,219006219,23_8
57.320647,11.12593,23,219002005,23_8
57.320708,11.126268,23,219005866,23_8
57.320725,11.126478,23,219006835,23_8
57.320735,11.12406,23,219001149,23_8
57.320882,11.127268,23,219004473,23_8
57.320885,11.12729,23,220046000,23_8
57.32096,11.127737,23,220349000,23_8
57.32096,11.128137,23,220279000,23_8
57.321005,11.12808,23,220127000,23_8
57.321008,11.127092,23,219000855,23_8
57.321048,11.126645,23,219009335,23_8
57.321215,11.125497,23,219009229,23_8
57.321285,11.125492,0,219009229,0_9
57.321287,11.128263,0,220279000,0_9
57.321295,11.126217,0,220046000,0_9
57.321367,11.128017,0,219006219,0_9
57.32138,11.127898,0,220323000,0_9
57.321425,11.126543,0,219006113,0_9
57.321485,11.127808,0,220341000,0_9
57.321503,11.125688,0,220349000,0_9
57.321608,11.127315,0,220072000,0_9
57.32161,11.12756,0,219001553,0_9
57.331842,10.534142,1,219032670,1_9
57.331933,10.533397,1,219029704,1_9
57.332455,10.532315,1,219000942,1_9
57.333463,10.53065,1,219028256,1_9
57.333852,10.529508,1,257048860,1_9
57.333932,10.530358,1,219004365,1_9
57.34285,11.148275,2,219000855,2_9
57.343687,11.158455,2,219006219,2_9
57.425915,10.528472,3,219028949,3_9
57.43033,10.537082,3,219000148,3_9
57.431022,10.537365,3,219000416,3_9
57.431327,10.538767,3,219000469,3_9
57.431662,10.539485,3,219000192,3_9
57.431753,10.536753,3,219158000,3_9
57.431787,10.535292,3,219007678,3_9
57.431793,10.535487,3,219007679,3_9
57.431797,10.537177,3,219000468,3_9
57.43185,10.537333,3,219000093,3_9
57.431988,10.535767,3,219002066,3_9
57.43271,10.535827,3,220436000,3_9
57.433265,10.537448,3,220189000,3_9
57.433172,10.560757,4,266212000,4_9
57.433473,10.560513,4,305530000,4_9
57.433565,10.56043,4,265012140,4_9
57.434123,10.545805,4,219592000,4_9
57.43426,10.56011,4,219111111,4_9
57.434775,10.55304,4,231872000,4_9
57.435193,10.553867,4,219019887,4_9
57.436603,10.557507,4,219111114,4_9
57.436618,10.54874,4,219159000,4_9
57.43753,10.548132,4,245613000,4_9
57.437715,10.558158,4,219000003,4_9
57.438277,10.54772,4,257981000,4_9
57.439132,10.549728,4,219001239,4_9
57.439163,10.549667,4,219005787,4_9
57.43922,10.550978,4,257755600,4_9
57.43925,10.549627,4,219002732,4_9
57.439502,10.551382,4,258349500,4_9
57.433425,10.539182,5,219123000,5_9
57.434123,10.545805,5,219592000,5_9
57.434775,10.55304,5,231872000,5_9
57.43483,10.543248,5,265177000,5_9
57.435035,10.543418,5,265410000,5_9
57.435193,10.553867,5,219019887,5_9
57.436412,10.542163,5,311001250,5_9
57.436618,10.548737,5,219159000,5_9
57.436832,10.54469,5,219304000,5_9
57.437007,10.539367,5,219000407,5_9
57.43725,10.544845,5,316003140,5_9
57.43753,10.548132,5,245613000,5_9
57.438027,10.543607,5,231887000,5_9
57.438252,10.545883,5,331983000,5_9
57.438277,10.54772,5,257981000,5_9
57.439132,10.549728,5,219001239,5_9
57.439168,10.54967,5,219005787,5_9
57.439223,10.550987,5,257755600,5_9
57.43925,10.549627,5,219002732,5_9
57.439348,10.542937,5,211749880,5_9
57.439503,10.551415,5,258349500,5_9
57.44122,10.5464,5,219031423,5_9
57.442443,10.550735,6,257445000,6_9
57.442745,10.550165,6,232746000,6_9
57.442825,10.546497,6,219005323,6_9
57.46259,10.537323,7,219029963,7_9
57.463238,10.536898,7,219032276,7_9
57.463773,10.53612,7,219031417,7_9
57.491725,10.505682,8,220076700,8_9
57.491922,10.505963,8,219000895,8_9
57.491942,10.506162,8,220368000,8_9
57.492027,10.504923,8,219028081,8_9
57.492043,10.507175,8,220024000,8_9
57.492098,10.50699,8,220256000,8_9
57.492152,10.506655,8,219005956,8_9
57.492165,10.504598,8,219021235,8_9
57.492233,10.504902,8,219904000,8_9
57.492323,10.507148,8,220359000,8_9
57.492582,10.504973,8,219024715,8_9
57.49265,10.505318,8,219024923,8_9
57.49266,10.504148,8,219013005,8_9
57.492717,10.50827,8,219001522,8_9
57.492718,10.505463,8,219006971,8_9
57.492837,10.505938,8,219023911,8_9
57.493152,10.506532,8,219001647,8_9
57.493333,10.5025,8,219005964,8_9
57.493572,10.502425,8,219003138,8_9
57.49366,10.50423,8,219029055,8_9
57.493712,10.50211,8,219002585,8_9
57.493928,10.502038,8,219010207,8_9
57.494088,10.501962,8,219012459,8_9
57.494115,10.500227,8,219000158,8_9
57.494167,10.501867,8,219005954,8_9
57.494633,10.503765,8,219015617,8_9
57.494972,10.49899,8,219000181,8_9
57.496068,10.50124,8,219000167,8_9
57.496467,10.502317,8,219006248,8_9
57.496612,10.502075,8,219022342,8_9
57.568013,11.586138,9,266203000,9_9
57.568562,11.586878,9,255806024,9_9
57.573452,11.777452,10,266186000,10_9
57.57436,11.778032,10,265627630,10_9
57.579517,11.690748,11,305299000,11_9
57.581037,11.678572,11,259101000,11_9
57.589143,9.974235,12,219022126,12_9
57.591933,9.973502,12,220012000,12_9
57.592265,9.962552,12,219020578,12_9
57.592315,9.965302,12,220278000,12_9
57.592333,9.964383,12,219014374,12_9
57.592365,9.961658,12,219030412,12_9
57.592383,9.964118,12,219007471,12_9
57.592387,9.962595,12,219012351,12_9
57.5924,9.962032,12,219025137,12_9
57.592443,9.962603,12,219007727,12_9
57.592505,9.961905,12,219003959,12_9
57.592513,9.963945,12,219032649,12_9
57.592585,9.983568,12,251267110,12_9
57.592597,9.960777,12,219029329,12_9
57.592632,9.96158,12,219026686,12_9
57.59264,9.96357,12,219031429,12_9
57.592685,9.964348,12,219106000,12_9
57.592705,9.965043,12,220368000,12_9
57.59272,9.960952,12,219005216,12_9
57.592735,9.962147,12,219005803,12_9
57.592735,9.960762,12,219006792,12_9
57.592763,9.961037,12,219008783,12_9
57.592785,9.963275,12,219030544,12_9
57.592787,9.964893,12,219012671,12_9
57.592803,9.960743,12,219015318,12_9
57.592848,9.960912,12,219006164,12_9
57.592853,9.960923,12,219010244,12_9
57.592858,9.961978,12,219005902,12_9
57.592895,9.96474,12,219011325,12_9
57.592983,9.961632,12,219006383,12_9
57.592987,9.964558,12,259028800,12_9
57.593025,9.964513,12,219787000,12_9
57.593033,9.966745,12,258092000,12_9
57.59309,9.962678,12,219006092,12_9
57.593115,9.963643,12,219012521,12_9
57.593123,9.96428,12,219002051,12_9
57.593167,9.978883,12,211916000,12_9
57.593205,9.964173,12,220043000,12_9
57.593225,9.981995,12,257819000,12_9
57.593267,9.962368,12,220051000,12_9
57.593288,9.971323,12,259490000,12_9
57.590695,11.68729,13,236306000,13_9
57.590835,11.688105,13,265056000,13_9
57.591607,9.954465,14,219011325,14_9
57.591623,9.953775,14,235006758,14_9
57.59169,9.955452,14,219026081,14_9
57.591793,9.953763,14,219002586,14_9
57.591855,9.956045,14,219015595,14_9
57.591942,9.953847,14,219002307,14_9
57.592093,9.969023,14,219022126,14_9
57.592117,9.956792,14,219006918,14_9
57.592185,9.955052,14,219004265,14_9
57.592207,9.956895,14,219001522,14_9
57.592265,9.962552,14,219020578,14_9
57.592315,9.965302,14,220278000,14_9
57.592333,9.964383,14,219014374,14_9
57.592365,9.961658,14,219030412,14_9
57.592383,9.964118,14,219007471,14_9
57.592387,9.962595,14,219012351,14_9
57.5924,9.962032,14,219025137,14_9
57.592443,9.962603,14,219007727,14_9
57.592452,9.95689,14,219025245,14_9
57.592513,9.963945,14,219032649,14_9
57.59254,9.957983,14,258542000,14_9
57.592545,9.962635,14,219003959,14_9
57.592597,9.960773,14,219029329,14_9
57.592632,9.96158,14,219026686,14_9
57.59264,9.96357,14,219031429,14_9
57.592645,9.95532,14,219018892,14_9
57.592673,9.956828,14,257541000,14_9
57.592685,9.964348,14,219106000,14_9
57.592705,9.965043,14,220368000,14_9
57.59272,9.960952,14,219005216,14_9
57.592735,9.962147,14,219005803,14_9
57.592735,9.960762,14,219006792,14_9
57.592763,9.961037,14,219008783,14_9
57.592785,9.963275,14,219030544,14_9
57.592787,9.964893,14,219012671,14_9
57.592803,9.960743,14,219015318,14_9
57.592848,9.960912,14,219006164,14_9
57.592853,9.960923,14,219010244,14_9
57.592858,9.961978,14,219005902,14_9
57.592877,9.955643,14,220038000,14_9
57.592942,9.956423,14,219787000,14_9
57.592967,9.955745,14,244710825,14_9
57.592983,9.961632,14,219006383,14_9
57.592987,9.964558,14,259028800,14_9
57.593,9.95625,14,219006443,14_9
57.593027,9.957238,14,219005496,14_9
57.593027,9.955923,14,265674430,14_9
57.593033,9.966745,14,258092000,14_9
57.59309,9.962678,14,219006092,14_9
57.593115,9.963643,14,219012521,14_9
57.593123,9.96428,14,219002051,14_9
57.593205,9.964173,14,220043000,14_9
57.59324,9.956563,14,219007596,14_9
57.593263,9.956377,14,219007577,14_9
57.593267,9.962368,14,220051000,14_9
57.592377,10.427735,15,219023115,15_9
57.59314,10.429063,15,219002973,15_9
57.5933,9.962343,0,220051000,0_10
57.5933,9.956357,0,219007577,0_10
57.593302,9.963962,0,219012521,0_10
57.593302,9.971327,0,259490000,0_10
57.593305,9.960985,0,219021176,0_10
57.593313,9.956578,0,219007596,0_10
57.593317,9.956033,0,219006443,0_10
57.593333,9.9638,0,220135000,0_10
57.593363,9.963753,0,219796000,0_10
57.593395,9.963525,0,219003959,0_10
57.593397,9.963658,0,219013485,0_10
57.593438,9.96081,0,219009907,0_10
57.593438,9.959437,0,219787000,0_10
57.593452,9.956755,0,219002051,0_10
57.593453,9.96288,0,219012671,0_10
57.593467,9.961208,0,219005956,0_10
57.593475,9.963567,0,219006383,0_10
57.593487,9.956715,0,219002023,0_10
57.593493,9.960612,0,219006115,0_10
57.593495,9.963588,0,219007313,0_10
57.5935,9.9595,0,220339000,0_10
57.593512,9.963415,0,219026172,0_10
57.593547,9.963343,0,219429000,0_10
57.593622,9.957095,0,219014192,0_10
57.593657,9.977738,0,258129000,0_10
57.593685,9.957222,0,219004596,0_10
57.593702,9.95754,0,219000895,0_10
57.593728,9.96308,0,219011325,0_10
57.593782,9.960543,0,257541000,0_10
57.59382,9.959288,0,219002774,0_10
57.593868,9.9612,0,219106000,0_10
57.593887,9.961108,0,220359000,0_10
57.5939,9.962717,0,219014374,0_10
57.593938,9.962327,0,219013178,0_10
57.594017,9.962002,0,220088000,0_10
57.594033,9.957877,0,219009799,0_10
57.594067,9.95871,0,219023274,0_10
57.594088,9.96238,0,220043000,0_10
57.594132,9.958243,0,291001876,0_10
57.59417,9.959418,0,219019010,0_10
57.594173,9.958208,0,219009135,0_10
57.594373,9.95984,0,259028800,0_10
57.594443,9.958117,0,219031645,0_10
57.594485,9.960277,0,219015362,0_10
57.594773,9.97867,0,219236000,0_10
57.594822,9.959238,0,219033460,0_10
57.595615,9.973068,0,231002000,0_10
57.593302,9.981992,1,257819000,1_10
57.593302,9.971327,1,259490000,1_10
57.593657,9.977738,1,258129000,1_10
57.59415,9.98008,1,331100197,1_10
57.594773,9.97867,1,219236000,1_10
57.595615,9.973068,1,231002000,1_10
57.593312,11.686417,2,230042000,2_10
57.59356,11.687057,2,265056000,2_10
57.599912,11.69486,2,244340000,2_10
57.596303,11.787652,3,219340000,3_10
57.596708,11.788088,3,219330000,3_10
57.598473,11.793673,3,266458000,3_10
57.598585,11.792767,3,265607090,3_10
57.599347,11.793805,3,265509950,3_10
57.59967,11.793753,3,265547210,3_10
57.599985,11.793668,3,265650970,3_10
57.597868,10.676813,4,311000974,4_10
57.600505,10.663452,4,219031797,4_10
57.600765,10.625718,5,219010873,5_10
57.600873,10.626463,5,351649000,5_10
57.60105,10.6262,5,219355000,5_10
57.609787,10.558675,6,636023660,6_10
57.609917,10.5585,6,219355000,6_10
57.617163,11.762332,7,265547210,7_10
57.621562,11.769582,7,265547230,7_10
57.625967,10.654683,8,636023192,8_10
57.634837,10.657243,8,229879000,8_10
57.636023,10.652115,9,229879000,9_10
57.64247,10.642865,9,219309000,9_10
57.643778,11.85819,10,265547210,10_10
57.644335,11.85811,10,265797830,10_10
57.644798,11.858953,10,219168000,10_10
57.645013,11.858472,10,265026000,10_10
57.645873,11.858925,10,219032961,10_10
57.645932,11.858848,10,219014435,10_10
57.646368,11.858207,10,265778450,10_10
57.651245,10.626563,11,636021331,11_10
57.651473,10.62612,11,265002000,11_10
57.660182,10.625937,11,538006140,11_10
57.65512,10.659147,12,246745000,12_10
57.655655,10.661115,12,266212000,12_10
57.656037,10.656915,12,219032932,12_10
57.661557,11.842155,13,265650970,13_10
57.661565,11.84214,13,265509950,13_10
57.662507,10.67616,14,636020612,14_10
57.662785,10.675042,14,219022300,14_10
57.662685,10.646198,15,210051000,15_10
57.663618,10.645568,15,229281000,15_10
57.670697,10.650362,15,538007387,15_10
57.670833,10.650168,15,265012140,15_10
57.665238,8.90802,16,219028021,16_10
57.674,8.908567,16,636020984,16_10
57.669303,11.798498,17,210553000,17_10
57.672933,11.783633,17,244790715,17_10
57.673747,11.788118,17,265550210,17_10
57.673767,11.788467,17,244178000,17_10
57.671683,10.623293,18,266212000,18_10
57.678473,10.63144,18,538011362,18_10
57.67286,11.782862,19,265550210,19_10
57.67295,11.782883,19,244790715,19_10
57.673767,11.788467,19,244178000,19_10
57.673495,10.705572,20,257960000,20_10
57.674977,10.699637,20,219032932,20_10
57.676483,10.646725,21,265012140,21_10
57.678473,10.63144,21,538011362,21_10
57.680937,10.660842,21,259101000,21_10
57.680598,11.79235,22,265606380,22_10
57.6819,11.787957,22,257998000,22_10
57.682855,11.788015,22,231809000,22_10
57.681592,10.665468,23,311087000,23_10
57.681818,10.66822,23,219022300,23_10
57.681707,11.697098,24,265550210,24_10
57.681732,11.688658,24,219076000,24_10
57.681783,11.69638,24,219030593,24_10
57.68205,11.648533,25,266128000,25_10
57.682623,11.649325,25,266064000,25_10
57.682845,11.649945,25,266322000,25_10
57.682068,11.871803,26,265514840,26_10
57.68211,11.871867,26,265511420,26_10
57.682857,11.87208,26,266336000,26_10
57.685373,11.88658,26,231848000,26_10
57.687737,11.860987,26,231859000,26_10
57.688147,11.860807,26,265797830,26_10
57.688253,11.860085,26,636023946,26_10
57.688275,11.860568,26,255806464,26_10
57.688302,11.861287,26,265036400,26_10
57.688312,11.864148,26,255805899,26_10
57.686928,11.895783,27,265708710,27_10
57.687133,11.895012,27,231809000,27_10
57.6874,11.894403,27,231807000,27_10
57.690935,11.891925,27,265606380,27_10
57.691715,11.900023,27,266212000,27_10
57.69178,11.882607,27,265550210,27_10
57.687987,10.709372,28,219022300,28_10
57.68826,10.710513,28,241800000,28_10
57.688393,10.718055,28,538010264,28_10
57.688465,10.709825,28,220614000,28_10
57.688452,11.85991,29,636023946,29_10
57.688455,11.864083,29,255805899,29_10
57.688455,11.860475,29,255806464,29_10
57.691183,11.84585,29,265512660,29_10
57.6913,11.875083,29,266476000,29_10
57.691412,11.874455,29,266203000,29_10
57.691928,11.845945,29,265812560,29_10
57.688597,10.648248,30,258349500,30_10
57.68891,10.649367,30,356423000,30_10
57.689003,10.648902,30,220614000,30_10
57.689282,10.648605,30,219022300,30_10
57.692765,10.63728,30,265012140,30_10
57.692983,10.637603,30,246265000,30_10
57.689092,10.587065,31,220614000,31_10
57.6938,10.593862,31,210056000,31_10
57.689752,11.842253,32,248744000,32_10
57.690085,11.837538,32,219435000,32_10
57.690323,11.831805,32,219281000,32_10
57.69033,11.832135,32,220253000,32_10
57.691183,11.84585,32,265512660,32_10
57.691935,11.846067,32,265812560,32_10
57.690983,11.87688,33,266203000,33_10
57.690985,11.891937,33,265606380,33_10
57.691317,11.875167,33,266476000,33_10
57.691793,11.882595,33,265550210,33_10
57.692215,11.823192,34,220464000,34_10
57.693572,11.81708,34,265812560,34_10
57.69375,11.816367,34,265512660,34_10
57.692302,10.693037,35,311001594,35_10
57.694378,10.685238,35,257617000,35_10
57.694513,10.687445,35,219017733,35_10
57.695605,11.91411,36,266343000,36_10
57.699108,11.925072,36,266322000,36_10
57.70012,11.917948,36,266155000,36_10
57.69653,10.673302,37,220624000,37_10
57.69689,10.672905,37,265012140,37_10
57.698603,11.66767,38,265522240,38_10
57.698617,11.667583,38,265522230,38_10
57.698627,11.66763,38,265522220,38_10
57.698802,11.66754,38,265522210,38_10
57.703822,11.658073,38,265600320,38_10
57.705815,11.658085,38,265611700,38_10
57.706068,11.659212,38,265675250,38_10
57.706455,11.659922,38,265581970,38_10
57.706553,11.660095,38,265038960,38_10
57.70682,11.661285,38,265527030,38_10
57.701,10.6565,39,257562000,39_10
57.701105,10.656813,39,219031797,39_10
57.701213,11.936783,40,265410000,40_10
57.703048,11.948832,40,219003122,40_10
57.705603,11.693282,41,265522230,41_10
57.708088,11.702552,41,265522240,41_10
57.708093,11.702487,41,265522220,41_10
57.708322,11.702227,41,265522210,41_10
57.708777,11.702048,41,265573140,41_10
57.711587,11.684535,41,265513810,41_10
57.706568,11.659853,42,265581970,42_10
57.706587,11.66027,42,265038960,42_10
57.706683,11.659747,42,232005600,42_10
57.706825,11.661282,42,265527030,42_10
57.706955,11.660517,42,265663280,42_10
57.707257,11.660517,42,265579090,42_10
57.71286,10.584527,43,277029000,43_10
57.713443,10.592815,43,265034000,43_10
57.713473,10.592933,43,219032932,43_10
57.713638,10.581642,43,219027735,43_10
57.713653,10.581342,43,219029523,43_10
57.713728,10.589485,43,265581970,43_10
57.71376,10.589517,43,256791000,43_10
57.713803,10.582013,43,912190064,43_10
57.713808,10.589998,43,265002000,43_10
57.713853,10.580375,43,219000333,43_10
57.713998,10.591412,43,219022257,43_10
57.714323,10.591983,43,219013964,43_10
57.71472,10.583465,43,219005583,43_10
57.714823,10.584198,43,257052890,43_10
57.714963,10.583883,43,219024000,43_10
57.71505,10.583522,43,219013885,43_10
57.71514,10.587498,43,219013933,43_10
57.71517,10.583247,43,219001125,43_10
57.715238,10.582665,43,219005867,43_10
57.715292,10.587763,43,219032848,43_10
57.715377,10.58227,43,244710047,43_10
57.715392,10.581972,43,257101030,43_10
57.715398,10.584672,43,219026170,43_10
57.71543,10.597472,43,210056000,43_10
57.71545,10.587242,43,219028185,43_10
57.715537,10.587422,43,219028008,43_10
57.715573,10.586862,43,219014692,43_10
57.715593,10.586445,43,219013391,43_10
57.715595,10.587203,43,219033125,43_10
57.715615,10.587618,43,219011953,43_10
57.71569,10.585917,43,219007027,43_10
57.715757,10.58734,43,219022479,43_10
57.71595,10.581367,43,257571000,43_10
57.71598,10.586737,43,219020150,43_10
57.716017,10.587282,43,220333000,43_10
57.716073,10.586312,43,219012511,43_10
57.71612,10.586413,43,219007034,43_10
57.716248,10.58648,43,219022300,43_10
57.716453,10.585235,43,232043529,43_10
57.716472,10.58709,43,219010873,43_10
57.716727,10.588055,43,219011018,43_10
57.716737,10.584873,43,244583000,43_10
57.716948,10.599352,43,232009818,43_10
57.717128,10.58693,43,220012000,43_10
57.717262,10.585358,43,219031289,43_10
57.717338,10.58744,43,219002827,43_10
57.717378,10.58626,43,219006301,43_10
57.71753,10.585903,43,219007414,43_10
57.717565,10.590048,43,219015442,43_10
57.717813,10.586187,43,219005732,43_10
57.718072,10.586892,43,220343000,43_10
57.718167,10.5875,43,220339000,43_10
57.718187,10.592762,43,219001849,43_10
57.7184,10.5905,43,219801000,43_10
57.718442,10.595842,43,219030593,43_10
57.718488,10.59584,43,258637000,43_10
57.718817,10.588925,43,219026706,43_10
57.71889,10.591943,43,219001111,43_10
57.718918,10.59015,43,219027026,43_10
57.719018,10.592558,43,219019067,43_10
57.719063,10.58825,43,257102400,43_10
57.71908,10.59002,43,219022000,43_10
57.719115,10.588567,43,258572000,43_10
57.719522,10.590315,43,219028043,43_10
57.719632,10.593533,43,219017733,43_10
57.717005,10.599512,44,232009818,44_10
57.717023,10.586795,44,220333000,44_10
57.717075,10.588067,44,219011018,44_10
57.717105,10.595677,44,219022257,44_10
57.717132,10.586922,44,220012000,44_10
57.717245,10.595525,44,219007027,44_10
57.717262,10.585358,44,219031289,44_10
57.717343,10.587443,44,219002827,44_10
57.717378,10.58626,44,219006301,44_10
57.71753,10.585903,44,219007414,44_10
57.717578,10.590012,44,219015442,44_10
57.717662,10.599348,44,265019000,44_10
57.717818,10.586185,44,219005732,44_10
57.718095,10.586868,44,220343000,44_10
57.718103,10.598843,44,250512000,44_10
57.718112,10.587507,44,219013885,44_10
57.718167,10.5875,44,220339000,44_10
57.718197,10.592883,44,219001849,44_10
57.718433,10.590467,44,219801000,44_10
57.718442,10.595842,44,219030593,44_10
57.718498,10.595848,44,258637000,44_10
57.71882,10.588935,44,219026706,44_10
57.718892,10.59191,44,219001111,44_10
57.718918,10.590143,44,219027026,44_10
57.719018,10.592558,44,219019067,44_10
57.719063,10.58825,44,257102400,44_10
57.719082,10.59002,44,219022000,44_10
57.719115,10.588567,44,258572000,44_10
57.719302,10.604432,44,219022326,44_10
57.719522,10.590315,44,219028043,44_10
57.719632,10.593533,44,219017733,44_10
57.719793,10.593888,44,219032932,44_10
57.719798,10.59141,44,219013964,44_10
57.720125,10.594872,44,219031797,44_10
57.720428,10.594908,44,219000543,44_10
57.720617,10.602995,44,316100000,44_10
57.720653,10.599707,44,259859000,44_10
57.720653,10.602828,44,983161000,44_10
57.721592,10.59958,44,277354000,44_10
57.72161,10.60185,44,219017895,44_10
57.721747,10.601612,44,219005867,44_10
57.72185,10.601363,44,220307000,44_10
57.721855,10.601478,44,219023738,44_10
57.72187,10.601542,44,219007034,44_10
57.721933,10.601462,44,219012511,44_10
57.72204,10.600167,44,277029000,44_10
57.722133,10.601173,44,219001125,44_10
57.72221,10.601013,44,219948000,44_10
57.731167,11.67142,45,265826420,45_10
57.732583,11.672177,45,266145000,45_10
57.771255,11.621342,46,265549760,46_10
57.77206,11.618778,46,265530880,46_10
57.772653,11.618098,46,266388000,46_10
57.773083,11.617388,46,219015153,46_10
57.8264,9.526683,47,636020984,47_10
57.827442,9.510393,47,305530000,47_10
57.838398,10.25199,48,305775000,48_10
57.845283,10.243267,48,636020984,48_10
57.842617,10.165633,49,636020984,49_10
57.84756,10.167662,49,219001125,49_10
57.845128,10.317588,50,305775000,50_10
57.847133,10.304383,50,636020984,50_10
57.931648,11.370173,51,245073000,51_10
57.940607,11.371628,51,256992000,51_10
57.93985,11.578398,52,266145000,52_10
57.94002,11.578797,52,266461000,52_10
57.940888,11.572533,52,266425000,52_10
57.944063,11.564325,52,265762710,52_10
57.944337,11.562977,53,259196000,53_10
57.94466,11.563877,53,210189000,53_10
58.00002,10.070322,54,219007034,54_10
58.00225,10.081433,54,219013885,54_10
58.399455,12.322223,55,992651013,55_10
58.399653,12.320668,55,992651014,55_10
58.402307,12.325447,55,992651012,55_10
59.013183,10.978425,56,992576503,56_10
59.018333,10.968333,56,992576506,56_10
59.26674,11.073773,57,992576504,57_10
59.267867,11.084367,57,992576501,57_10
59.268735,11.087163,57,992576500,57_10
59.784918,10.501383,58,992576502,58_10
59.785335,10.501933,58,992576505,58_10
